source_label,method,avg_context_tokens@10_mean,avg_context_tokens@10_std,avg_source_candidate_cost_mean,avg_source_candidate_cost_mean_mean,avg_source_candidate_cost_mean_std,avg_source_candidate_cost_std,context_token_ratio_vs_baseline@10_mean,context_token_ratio_vs_baseline@10_std,context_token_saving_pct@10,dataset,dense_query_rate_mean,dense_query_rate_mean_mean,dense_query_rate_mean_std,dense_query_rate_std,dense_saved_rate_mean,dense_saved_rate_mean_mean,dense_saved_rate_mean_std,dense_saved_rate_std,evidence_recall@10_mean,evidence_recall@10_std,hit@10_mean,hit@10_std,hit_delta_vs_baseline@10_mean,hit_delta_vs_baseline@10_std,mrr@10_mean,mrr@10_std,ndcg@10_mean,ndcg@10_std,runs,task
banking77:dense,banking77:dense,121.08798701298701,0.0,,,,,1.0,0.0,0.0,banking77,,,,,,,,,0.0734178471267776,0.0,0.9805194805194806,0.0,0.0,0.0,0.941565914244486,0.0,0.8797407300703027,0.0,1,baseline
linucb_cost_banking77_heldout-test_test_corpus-full_q3080,full_multi_route,121.49372294372294,0.03767399804567272,300.0,300.0,0.0,0.0,1.0033507529586103,0.00031112911342423864,-0.33507529586103146,banking77,1.0,1.0,0.0,0.0,,,,,0.07326962338154262,7.967506020205882e-05,0.9844155844155844,0.0009740259740259605,0.003896103896103842,0.0009740259740259605,0.9421599068920499,0.00013951341564642344,0.8789457290299008,0.000336894234447544,3,task16
linucb_cost_banking77_heldout-test_test_corpus-full_q3080,gated_cost_aware,120.81796536796537,0.23939919891986208,142.51082251082252,142.51082251082252,0.0,0.2958962336040702,0.9977700377082601,0.0019770681206731444,0.22299622917398843,banking77,1.0,1.0,0.0,0.0,,,,,0.07277658842401591,0.00028130409948404054,0.9812770562770563,0.0004959497505363434,0.0007575757575756977,0.0004959497505363434,0.9423550556586274,9.323746224709473e-05,0.874907952034958,0.001019111313009815,3,task16
cuad:dense,cuad:dense,14.96692607003891,0.0,,,,,1.0,0.0,0.0,cuad,,,,,,,,,0.0018257181277180133,0.0,0.0029182879377431907,0.0,0.0,0.0,0.0012848573281452659,0.0,0.0013398260759919839,0.0,1,baseline
linucb_cost_cuad_smoke-only_test_corpus-gt-anchored-10000_q100,full_multi_route,17.024156939040207,0.2223211376967834,300.0,300.0,0.0,0.0,1.137451796005026,0.01485416154635983,-13.74517960050261,cuad,1.0,1.0,0.0,0.0,,,,,0.0022501096742198823,0.0003153990042256165,0.003404669260700389,0.00048638132295719845,0.00048638132295719845,0.00048638132295719845,0.001339028369670393,3.860185313823992e-05,0.0014905236332040937,8.651008216405395e-05,3,task16
linucb_cost_cuad_smoke-only_test_corpus-gt-anchored-10000_q100,gated_cost_aware,18.01750972762646,1.9050500308971816,203.46666666666667,203.46666666666667,0.0,7.466666666666667,1.2038216560509554,0.1272839875056742,-20.382165605095537,cuad,1.0,1.0,0.0,0.0,,,,,0.001784363226483849,0.0005496955868408801,0.0024319066147859923,0.0009727626459143969,-0.00048638132295719845,0.0009727626459143969,0.0012451619212319601,0.0001434931052585585,0.0013151243061168061,0.0001978484430716629,3,task16
emanual:dense,emanual:dense,18.235747303543913,0.0,,,,,1.0,0.0,0.0,emanual,,,,,,,,,0.00992049916356542,0.0,0.032357473035439135,0.0,0.0,0.0,0.005515200430454666,0.0,0.005267602691566542,0.0,1,baseline
linucb_cost_emanual_heldout-test_test_corpus-full_q132,full_multi_route,18.737801746276322,0.04910357200739584,300.0,300.0,0.0,0.0,1.0275313336149838,0.002692709609869052,-2.7531333614983833,emanual,1.0,1.0,0.0,0.0,,,,,0.0038059024095233648,0.0002063355834574984,0.014894709809964046,0.00044479989922159194,-0.01746276322547509,0.00044479989922159395,0.0034246826619707977,2.2769518650629102e-05,0.0025566025326496564,0.00012908322487446,3,task16
linucb_cost_emanual_heldout-test_test_corpus-full_q132,gated_cost_aware,17.923728813559322,0.16306087668155042,214.07407407407408,214.0740740740741,0.0,6.443568330723608,0.9828897338403042,0.008941825852668051,1.7110266159695797,emanual,1.0,1.0,0.0,0.0,,,,,0.002689155847861549,0.0005103313130363529,0.011556240369799691,0.002038329207291672,-0.020801232665639442,0.0020383292072916706,0.00268361581920904,0.000484203692625686,0.001866400626994792,0.00034783787932801956,3,task16
lotte_technology_search:dense,lotte_technology_search:dense,1115.2,0.0,,,,,1.0,0.0,0.0,lotte_technology_search,,,,,,,,,0.8,0.0,0.9,0.0,0.0,0.0,0.9,0.0,0.8077032943161073,0.0,1,baseline
linucb_cost_lotte-technology-search_heldout-test_test_corpus-full_q20,full_multi_route,1235.65,0.0,150.0,150.0,0.0,0.0,1.1080075322812053,0.0,-10.80075322812053,lotte_technology_search,1.0,1.0,0.0,0.0,,,,,0.88125,0.0,1.0,0.0,0.09999999999999998,0.0,0.9133333333333333,0.0,0.8285575839936344,0.0,1,task18
linucb_cost_lotte-technology-search_heldout-test_test_corpus-full_q20,gated_cost_aware,1207.1,0.0,129.5,129.5,0.0,0.0,1.0824067431850788,0.0,-8.240674318507878,lotte_technology_search,0.95,0.95,0.0,0.0,,,,,0.83125,0.0,0.95,0.0,0.04999999999999993,0.0,0.9083333333333334,0.0,0.816229616368247,0.0,1,task18
lotte_technology_search_100k:dense,lotte_technology_search_100k:dense,1472.3875838926174,0.0,,,,,1.0,0.0,0.0,lotte_technology_search_100k,,,,,,,,,0.7025930894139937,0.0,0.8674496644295302,0.0,0.0,0.0,0.7080929743261957,0.0,0.6486573605022944,0.0,1,baseline
linucb_cost_lotte-technology-search-100k_heldout-test_test_corpus-full_q596,full_multi_route,1558.0872483221476,14.80808749694999,300.0,300.0,0.0,0.0,1.058204555218377,0.010057193947398815,-5.820455521837697,lotte_technology_search_100k,1.0,1.0,0.0,0.0,,,,,0.7250436898102373,0.0023879293225056615,0.8825503355704698,0.0044391800521218,0.015100671140939567,0.0044391800521218,0.7105256382940945,0.0005355037147913065,0.6573081162087393,0.0009573823582383944,3,task18
linucb_cost_lotte-technology-search-100k_heldout-test_test_corpus-full_q596,gated_cost_aware,1473.7209172259506,42.20195627362221,191.68158090976883,191.68158090976885,0.0,12.692518157681574,1.000905558663982,0.028662260355422804,-0.0905558663981898,lotte_technology_search_100k,0.8219612229679344,0.8219612229679344,0.0,0.0790657115379627,,,,,0.6216744524514717,0.018242195305241047,0.8439597315436241,0.013104445764944057,-0.023489932885906062,0.013104445764944057,0.6949526827882532,0.011293890007632978,0.5889312364469573,0.013094025969519741,3,task18
task19_ablation_A,gated_cost_aware,1474.5721476510066,53.18427779013615,199.55816554809843,199.55816554809846,0.0,13.798194315158515,1.0014836879788227,0.03612111265535834,-0.1483687978822701,lotte_technology_search_100k,0.8249440715883669,0.824944071588367,0.0,0.08313039265144957,,,,,0.6197500762242719,0.016143844163447996,0.8378076062639821,0.010655793558868901,-0.029642058165548102,0.010655793558868901,0.6911073825503355,0.007861000645670182,0.5871598395351363,0.01155283144027302,3,task19_ablation_A
task19_ablation_B,gated_cost_aware,1502.0117449664428,16.4140480943451,205.96010439970172,205.9601043997017,0.0,11.214281578548848,1.0201198117926984,0.011147912597137353,-2.0119811792698394,lotte_technology_search_100k,0.813758389261745,0.813758389261745,0.0,0.06789488034905594,,,,,0.6292433692536391,0.023611667992197796,0.8478747203579419,0.019374170107034395,-0.019574944071588368,0.019374170107034395,0.6935187404566598,0.00817510095229508,0.5922874952441582,0.016326652796329902,3,task19_ablation_B
task19_ablation_C,gated_cost_aware,1482.9161073825503,44.164875890724886,198.7695749440716,198.76957494407156,0.0,14.188841828598179,1.0071506467489342,0.029995414504898343,-0.7150646748934175,lotte_technology_search_100k,0.8275540641312453,0.8275540641312453,0.0,0.08141827067311183,,,,,0.6458745286006048,0.012363264338499621,0.8495525727069351,0.006352246471812419,-0.01789709172259509,0.006352246471812419,0.6941390575618763,0.007311479459076597,0.6041742059056878,0.008463981921185372,3,task19_ablation_C
task19_ablation_D,gated_cost_aware,1518.4395973154362,33.268403572697075,229.97203579418345,229.97203579418343,0.0,15.28178426095394,1.0312770998116332,0.02259486831907663,-3.127709981163318,lotte_technology_search_100k,0.9028709917971663,0.9028709917971662,0.0,0.06294452231112442,,,,,0.6889755428620855,0.004536219120955027,0.8769574944071589,0.0019374170107034072,0.009507829977628631,0.0019374170107034072,0.7064590657291998,0.008875785168594242,0.6320513444173492,0.003655463315652864,3,task19_ablation_D
task19_ablation_E,gated_cost_aware,1549.8344519015661,13.557323296628061,258.8385533184191,258.8385533184191,0.0,12.271463757123096,1.0525995117428246,0.009207713678748895,-5.259951174282462,lotte_technology_search_100k,0.9489187173750933,0.9489187173750931,0.0,0.039745915718237185,,,,,0.7166596627441921,0.011221489874515343,0.8864653243847874,0.004843542526758614,0.019015659955257263,0.004843542526758614,0.7116375483825148,0.004759669790154189,0.6507697998585772,0.005975153446687908,3,task19_ablation_E
task20_conditional_H,gated_cost_aware,1514.84451901566,26.566640231197418,237.53914988814319,237.53914988814316,0.0,6.785628488950782,1.0288354340850914,0.018043238425688193,-2.883543408509137,lotte_technology_search_100k,0.9052945563012676,0.9052945563012678,0.0,0.042070410501106506,0.09470544369873231,0.09470544369873231,0.0,0.042070410501106506,0.6782932273718553,0.01157671807728877,0.8668903803131991,0.009831317578997155,-0.0005592841163310677,0.009831317578997155,0.7047885373388729,0.0035535219427803083,0.6270981579678224,0.007250912707465134,3,task20_conditional_H
task20_conditional_L,gated_cost_aware,1455.9809843400446,62.314104524314175,143.2158836689038,143.21588366890379,0.0,7.38850304041389,0.9888571462215147,0.0423218079301997,1.114285377848534,lotte_technology_search_100k,0.540454884414616,0.5404548844146159,0.0,0.09608353537613701,0.4595451155853841,0.4595451155853841,0.0,0.09608353537613701,0.5148335870246306,0.044286918237249284,0.738255033557047,0.03523489932885907,-0.1291946308724832,0.03523489932885907,0.622050664038919,0.01893202960062204,0.5007245238418252,0.029596538014142842,3,task20_conditional_L
task20_conditional_M,gated_cost_aware,1508.3758389261745,37.19236924525272,225.48657718120805,225.48657718120808,0.0,5.569939127306267,1.0244421071104208,0.025259904153039386,-2.444210711042083,lotte_technology_search_100k,0.8689410887397464,0.8689410887397465,0.0,0.04893762650401589,0.13105891126025357,0.13105891126025357,0.0,0.04893762650401589,0.6690208709793299,0.014146307438929851,0.8624161073825504,0.010205977399829255,-0.005033557046979868,0.010205977399829255,0.7008933010191398,0.008160696193804703,0.6197843925292841,0.008321317313196193,3,task20_conditional_M
task20_conditional_S,gated_cost_aware,1516.2444071588366,33.26884141031797,227.2874720357942,227.2874720357942,0.0,15.353131359877008,1.0297861947125857,0.02259516568481492,-2.97861947125857,lotte_technology_search_100k,0.8944817300521999,0.8944817300521999,0.0,0.06741713215673023,0.10551826994780016,0.10551826994780016,0.0,0.06741713215673023,0.6862390455786084,0.0019303121352843805,0.8747203579418344,0.0009687085053517357,0.007270693512304249,0.0009687085053517357,0.7070869287312239,0.00803241493345438,0.6308304067511346,0.004465960720545529,3,task20_conditional_S
task25_100k_cluster_credit_formal,gated_cost_aware,1550.6515659955257,20.636410817681455,181.47231543624162,181.47231543624162,0.0,8.217982828002917,1.0531544703032596,0.01401561045708087,-5.315447030325959,lotte_technology_search_100k,0.6707913870246085,0.6707913870246084,0.0,0.04418836741265102,0.3292086129753915,0.3292086129753915,0.0,0.04418836741265102,0.6829437870205345,0.003314962263566471,0.8763982102908278,0.0009687085053517357,0.008948545861297563,0.0009687085053517357,0.7106803291786511,0.0074209759076160585,0.6294654554612698,0.00506539127968361,3,task25_100k_cluster_credit_formal
task25_100k_cluster_credit_value_conf,gated_cost_aware,1550.484899328859,0.0,176.29404362416108,176.29404362416108,0.0,0.0,1.0530412754702618,0.0,-5.304127547026183,lotte_technology_search_100k,0.6421979865771812,0.6421979865771812,0.0,0.0,0.3578020134228188,0.3578020134228188,0.0,0.0,0.6830576872053097,0.0,0.8758389261744967,0.0,0.008389261744966459,0.0,0.7023696335357407,0.0,0.6237030627020236,0.0,1,task25_100k_cluster_credit_value_conf
task25_100k_old_credit,gated_cost_aware,1509.8104026845638,0.0,189.46308724832215,189.46308724832215,0.0,0.0,1.0254164183407537,0.0,-2.54164183407537,lotte_technology_search_100k,0.7267197986577181,0.7267197986577181,0.0,0.0,0.2732802013422819,0.2732802013422819,0.0,0.0,0.685802256705983,0.0,0.8808724832214765,0.0,0.01342281879194629,0.0,0.709895333972515,0.0,0.6315459655552925,0.0,1,task25_100k_old_credit
task25_100k_old_credit_formal,gated_cost_aware,1529.6963087248323,21.731046493830853,193.91778523489933,193.91778523489936,0.0,9.668387812117997,1.0389223092201751,0.014759053072411536,-3.8922309220175144,lotte_technology_search_100k,0.7465743847874721,0.746574384787472,0.0,0.05597802609177908,0.253425615212528,0.253425615212528,0.0,0.05597802609177908,0.6870948143534064,0.005645810565423904,0.8825503355704698,0.006049582676952985,0.015100671140939603,0.006049582676952985,0.7115061610028052,0.0017719624046912965,0.6321796739408875,0.0008361351864537173,3,task25_100k_old_credit_formal
task25_100k_route_credit,gated_cost_aware,1555.78355704698,0.0,299.27642617449663,299.27642617449663,0.0,0.0,1.056639959523351,0.0,-5.66399595233511,lotte_technology_search_100k,1.0,1.0,0.0,0.0,0.0,0.0,0.0,0.0,0.7259083065421301,0.0,0.8791946308724832,0.0,0.011744966442952975,0.0,0.7102595344625544,0.0,0.6580496476379062,0.0,1,task25_100k_route_credit
lotte_technology_search_200k:dense,lotte_technology_search_200k:dense,1444.1241610738255,0.0,,,,,1.0,0.0,0.0,lotte_technology_search_200k,,,,,,,,,0.6202145339649683,0.0,0.7969798657718121,0.0,0.0,0.0,0.6278636678385,0.0,0.5643164326791772,0.0,1,baseline
task22_200k_formal,full_multi_route,1558.1800894854587,15.335192520026991,300.0,300.0,0.0,0.0,1.0789793090414215,0.010619026350631847,-7.8979309041421475,lotte_technology_search_200k,1.0,1.0,0.0,0.0,0.0,0.0,0.0,0.0,0.6424422625490089,0.006474161855398307,0.8299776286353467,0.0058924237991346195,0.03299776286353462,0.0058924237991346195,0.6325709758176202,0.0006403940751544317,0.5720138632800382,0.0026382118192152288,3,task22_200k_formal
task22_200k_formal,gated_cost_aware,1549.3881431767338,18.978945565953538,232.00782997762863,232.00782997762863,0.0,11.987070067602401,1.0728912270428574,0.013142184084671086,-7.289122704285744,lotte_technology_search_200k,0.9026845637583892,0.9026845637583892,0.0,0.03650801771894316,0.09731543624161072,0.09731543624161072,0.0,0.03650801771894316,0.5999668532950762,0.0011825955580937182,0.8154362416107382,0.006049582676952985,0.01845637583892612,0.006049582676952985,0.630463451226874,0.008410889252285177,0.5471611317182951,0.0060697836735232715,3,task22_200k_formal
task22_200k_smoke,full_multi_route,1579.7332214765102,0.0,300.0,300.0,0.0,0.0,1.0939040174370105,0.0,-9.390401743701048,lotte_technology_search_200k,1.0,1.0,0.0,0.0,0.0,0.0,0.0,0.0,0.642212982012074,0.0,0.8288590604026845,0.0,0.03187919463087241,0.0,0.6326928198572496,0.0,0.5727844125925462,0.0,1,task22_200k_smoke
task22_200k_smoke,gated_cost_aware,1554.1510067114093,0.0,251.8791946308725,251.8791946308725,0.0,0.0,1.0761893254079828,0.0,-7.618932540798284,lotte_technology_search_200k,0.947986577181208,0.947986577181208,0.0,0.0,0.052013422818791955,0.052013422818791955,0.0,0.0,0.5985415481141299,0.0,0.8104026845637584,0.0,0.01342281879194629,0.0,0.6202620645573667,0.0,0.54115873757727,0.0,1,task22_200k_smoke
lotte_technology_search_400k:dense,lotte_technology_search_400k:dense,1482.2986577181207,0.0,,,,,1.0,0.0,0.0,lotte_technology_search_400k,,,,,,,,,0.577735361850729,0.0,0.7718120805369127,0.0,0.0,0.0,0.5875519335250878,0.0,0.5173615467977577,0.0,1,baseline
task22_4_lotte_400k_linucb_smoke,full_multi_route,1569.226510067114,0.0,300.0,300.0,0.0,0.0,1.0586439526854945,0.0,-5.864395268549449,lotte_technology_search_400k,1.0,1.0,0.0,0.0,0.0,0.0,0.0,0.0,0.5943758196405154,0.0,0.8087248322147651,0.0,0.03691275167785235,0.0,0.5927938904868436,0.0,0.5225918079910084,0.0,1,task22_4_lotte_400k_linucb_smoke
task22_4_lotte_400k_linucb_smoke,gated_cost_aware,1532.6426174496644,0.0,247.7013422818792,247.7013422818792,0.0,0.0,1.0339634387911032,0.0,-3.3963438791103195,lotte_technology_search_400k,0.9093959731543624,0.9093959731543624,0.0,0.0,0.09060402684563762,0.09060402684563762,0.0,0.0,0.5517600345121465,0.0,0.7768456375838926,0.0,0.005033557046979831,0.0,0.5827360977948226,0.0,0.49679360146258567,0.0,1,task22_4_lotte_400k_linucb_smoke
task22_5_lotte_400k_linucb_formal,full_multi_route,1571.013422818792,10.784083337285619,300.0,300.0,0.0,0.0,1.0598494538457186,0.007275243272423062,-5.98494538457186,lotte_technology_search_400k,1.0,1.0,0.0,0.0,0.0,0.0,0.0,0.0,0.5969776105602594,0.00232821873706655,0.8003355704697986,0.00581225103211035,0.02852348993288593,0.00581225103211035,0.5920388569297966,0.0007920368427578528,0.5250930242229411,0.0010038271634252157,3,task22_5_lotte_400k_linucb_formal
task22_5_lotte_400k_linucb_formal,gated_cost_aware,1547.6577181208054,17.916228766381483,233.2158836689038,233.21588366890379,0.0,10.146351105738779,1.044093044314902,0.012086787418374921,-4.409304431490191,lotte_technology_search_400k,0.9140566741237882,0.9140566741237882,0.0,0.054896331038657806,0.08594332587621183,0.08594332587621183,0.0,0.054896331038657806,0.5714823542062611,0.0031910017706036635,0.7835570469798657,0.002906125516055143,0.011744966442953012,0.002906125516055143,0.5860005859166932,0.004203342304508495,0.5083582138987968,0.0027163487837181138,3,task22_5_lotte_400k_linucb_formal
lotte_technology_search_638k:dense,lotte_technology_search_638k:dense,1525.6191275167785,0.0,,,,,1.0,0.0,0.0,lotte_technology_search_638k,,,,,,,,,0.5040782855416331,0.0,0.7281879194630873,0.0,0.0,0.0,0.5102269095557684,0.0,0.43032490854493166,0.0,1,baseline
task22_9_lotte_638k_linucb_formal,full_multi_route,1613.2768456375838,3.9421857742740256,300.0,300.0,0.0,0.0,1.057457144145462,0.002583990789818337,-5.74571441454621,lotte_technology_search_638k,1.0,1.0,0.0,0.0,0.0,0.0,0.0,0.0,0.5192230134908336,0.004788687430569599,0.761185682326622,0.003492728187023703,0.032997762863534695,0.003492728187023703,0.5153468005397535,0.0007429141512414462,0.4357530264177464,0.0023951004192740923,3,task22_9_lotte_638k_linucb_formal
task22_9_lotte_638k_linucb_formal,gated_cost_aware,1599.9451901565994,16.283999396960944,236.22483221476512,236.2248322147651,0.0,9.104772664676384,1.048718622688482,0.010673699027008255,-4.871862268848193,lotte_technology_search_638k,0.9146159582401193,0.9146159582401193,0.0,0.01885321233422296,0.08538404175988068,0.08538404175988068,0.0,0.01885321233422296,0.49317619006710106,0.006389357082211211,0.7343400447427293,0.0058924237991346195,0.00615212527964204,0.0058924237991346195,0.5088975000887752,0.003266761619012029,0.4233048887320522,0.0036227513921573257,3,task22_9_lotte_638k_linucb_formal
task22_9_lotte_638k_linucb_smoke,full_multi_route,1633.5369127516778,0.0,300.0,300.0,0.0,0.0,1.070737042613352,0.0,-7.073704261335201,lotte_technology_search_638k,1.0,1.0,0.0,0.0,0.0,0.0,0.0,0.0,0.5200662232801785,0.0,0.7583892617449665,0.0,0.030201342281879207,0.0,0.5149262277617981,0.0,0.43619767286800937,0.0,1,task22_9_lotte_638k_linucb_smoke
task22_9_lotte_638k_linucb_smoke,gated_cost_aware,1618.4395973154362,0.0,247.1979865771812,247.1979865771812,0.0,0.0,1.0608411812126004,0.0,-6.08411812126004,lotte_technology_search_638k,0.9345637583892618,0.9345637583892618,0.0,0.0,0.06543624161073824,0.06543624161073824,0.0,0.0,0.4973912472494979,0.0,0.7399328859060402,0.0,0.011744966442952975,0.0,0.5058059017790559,0.0,0.42327689662675816,0.0,1,task22_9_lotte_638k_linucb_smoke
task24_online_baselines_638k,epsilon_greedy_ensemble,1625.124720357942,20.679805485278067,300.0,300.0,0.0,0.0,1.065223089463441,0.013555025046741534,-6.522308946344091,lotte_technology_search_638k,1.0,1.0,0.0,0.0,0.0,0.0,0.0,0.0,0.513109262289863,0.0052885722491480885,0.7578299776286354,0.0067809595374620215,0.029642058165548064,0.0067809595374620215,0.514402897624374,0.0011047988167187188,0.4339442142912445,0.002112577759974284,3,task24_online_baselines_638k
task24_online_baselines_638k,uniform_random_ensemble,1638.0514541387024,12.851924740808792,300.0,300.0,0.0,0.0,1.0736961962484883,0.008424071584450873,-7.369619624848833,lotte_technology_search_638k,1.0,1.0,0.0,0.0,0.0,0.0,0.0,0.0,0.5169966472869446,0.0008882020627151419,0.7634228187919463,0.004439180052121758,0.03523489932885904,0.004439180052121758,0.5154912822698056,9.488809441600594e-05,0.4352415533172397,0.00021077811286267229,3,task24_online_baselines_638k
task24_static_ensemble_638k,static_nearest_ensemble,1627.4418344519015,9.070893959083731,300.0,300.0,0.0,0.0,1.0667418919300378,0.005945713314336993,-6.674189193003777,lotte_technology_search_638k,1.0,1.0,0.0,0.0,0.0,0.0,0.0,0.0,0.5154473767830052,0.004351134489955589,0.761185682326622,0.008445004961152922,0.032997762863534695,0.008445004961152922,0.5151301889137458,0.0011188472718597687,0.43537402168197636,0.001995563941511958,3,task24_static_ensemble_638k
task24_static_gated_638k,static_nearest_gated,1613.682326621924,5.170133240810154,223.48993288590603,223.48993288590603,0.0,6.9453967886944845,1.057722925412245,0.0033888754719702307,-5.772292541224511,lotte_technology_search_638k,0.9972035794183445,0.9972035794183446,0.0,0.0025629617980737263,0.0027964205816554863,0.0027964205816554863,0.0,0.0025629617980737263,0.5051210031097502,0.004956144355194665,0.75,0.01342281879194629,0.021812080536912748,0.01342281879194629,0.5144794662831573,0.001374014659889602,0.4319299721074593,0.0019998444801909367,3,task24_static_gated_638k
