seed,action,auroc,auroc_ci_high,auroc_ci_low,average_precision,average_precision_ci_high,average_precision_ci_low,examples,feature,safe_prevalence,spearman,spearman_ci_high,spearman_ci_low,variant
13,continuous_headroom,,,,,,,366,route_confidence,,-0.07528493192597402,0.02658252939909177,-0.17365817510019468,dynamic_gated
13,r0.85_m4,0.4356741573033708,0.5982048502921768,0.2721512499215366,0.9686928937569592,0.9895745782953684,0.9414668895473031,366,route_confidence,0.9726775956284153,,,,dynamic_gated
13,r0.85_m4,0.7731741573033708,0.8267605633802817,0.6972618130457113,0.9881645669165507,0.9948921862464617,0.9793932483039228,366,relevant_count,0.9726775956284153,,,,dynamic_gated
13,r0.85_m4,0.9969101123595506,1.0,0.9911743134573602,0.9998760417779196,1.0,0.9996453955703972,366,first_relevant_rank,0.9726775956284153,,,,dynamic_gated
13,r0.85_m4,0.9977528089887641,1.0,0.9925847457627119,0.9999232516731136,1.0,0.9996981377420704,366,first_relevant_token_position,0.9726775956284153,,,,dynamic_gated
13,r0.85_m4,0.6165730337078652,0.7853276023337862,0.4653764721202556,0.9789394617441745,0.9929126512141352,0.9629097069718181,366,route_support_count,0.9726775956284153,,,,dynamic_gated
13,r0.95_m4,0.48549723756906077,0.7326548171629116,0.2618385599456583,0.9914282094222319,0.998195606251588,0.9810577879088473,366,route_confidence,0.9890710382513661,,,,dynamic_gated
13,r0.95_m4,0.8024861878453038,0.8268156424581006,0.7770547319716296,0.9956827582042689,0.9989520173665694,0.9909836065573769,366,relevant_count,0.9890710382513661,,,,dynamic_gated
13,r0.95_m4,0.9986187845303867,1.0,0.9958112229812794,0.9999698094979319,1.0,0.999877888695546,366,first_relevant_rank,0.9890710382513661,,,,dynamic_gated
13,r0.95_m4,0.9986187845303867,1.0,0.9958217270194987,0.9999698094979319,1.0,0.999863387978142,366,first_relevant_token_position,0.9890710382513661,,,,dynamic_gated
13,r0.95_m4,0.5390193370165746,0.9065098600030106,0.39891291455594496,0.9899179029222748,0.9987882049719745,0.9775835958961022,366,route_support_count,0.9890710382513661,,,,dynamic_gated
17,continuous_headroom,,,,,,,366,route_confidence,,-0.02319950480048991,0.07492305135547228,-0.1252887295862756,dynamic_gated
17,r0.85_m4,0.38437597261126677,0.5714674758792404,0.23747276688453162,0.9727615362091193,0.9899957123518327,0.9522596165331622,366,route_confidence,0.9754098360655737,,,,dynamic_gated
17,r0.85_m4,0.7955182072829132,0.8207282913165266,0.7690140845070422,0.989943518390963,0.995743139208405,0.9826376595474955,366,relevant_count,0.9754098360655737,,,,dynamic_gated
17,r0.85_m4,0.9989106753812635,1.0,0.9960110640301318,0.999953118502303,1.0,0.9998389234710334,366,first_relevant_rank,0.9754098360655737,,,,dynamic_gated
17,r0.85_m4,1.0,1.0,1.0,0.9999999999999999,1.0000000000000002,0.9999999999999998,366,first_relevant_token_position,0.9754098360655737,,,,dynamic_gated
17,r0.85_m4,0.5040460628695922,0.6616757639281259,0.3837510766079285,0.9756058493875343,0.9901241915438024,0.9552920112072647,366,route_support_count,0.9754098360655737,,,,dynamic_gated
17,r0.95_m4,0.4116343490304709,0.7402892561983472,0.17605583297917554,0.984699007771208,0.9975086552507086,0.966283389302267,366,route_confidence,0.9863387978142076,,,,dynamic_gated
17,r0.95_m4,0.7922437673130194,0.8167148760330578,0.7665745856353592,0.9943236001998093,0.9988023055617935,0.9890146862760576,366,relevant_count,0.9863387978142076,,,,dynamic_gated
17,r0.95_m4,1.0,1.0,1.0,1.0,1.0,1.0,366,first_relevant_rank,0.9863387978142076,,,,dynamic_gated
17,r0.95_m4,1.0,1.0,1.0,0.9999999999999999,1.0000000000000002,0.9999999999999998,366,first_relevant_token_position,0.9863387978142076,,,,dynamic_gated
17,r0.95_m4,0.5936288088642659,0.8904109589041096,0.3865149353409022,0.9888848866458307,0.9987813785400932,0.9764346797528312,366,route_support_count,0.9863387978142076,,,,dynamic_gated
19,continuous_headroom,,,,,,,368,route_confidence,,-0.07074226397012259,0.025837916855826117,-0.17195621775200642,dynamic_gated
19,r0.85_m4,0.4756628413138109,0.6183670237050948,0.3335783000938736,0.984339936254117,0.9958099829978273,0.9695198045703413,368,route_confidence,0.9809782608695652,,,,dynamic_gated
19,r0.85_m4,0.7991689750692521,0.8227146814404432,0.7734806629834254,0.9923596892689389,0.9973209499702202,0.9863621402327004,368,relevant_count,0.9809782608695652,,,,dynamic_gated
19,r0.85_m4,0.996834190740008,1.0,0.9902750620732464,0.9999166147602758,1.0,0.9997224207244705,368,first_relevant_rank,0.9809782608695652,,,,dynamic_gated
19,r0.85_m4,0.9976256430550059,1.0,0.9920391061452514,0.9999473082018546,1.0,0.9997956279520406,368,first_relevant_token_position,0.9809782608695652,,,,dynamic_gated
19,r0.85_m4,0.5573802928373566,0.7618711921751187,0.4090909090909091,0.983167229962867,0.9955145326033036,0.9681923596174408,368,route_support_count,0.9809782608695652,,,,dynamic_gated
19,r0.95_m4,0.6857923497267759,0.7356948228882834,0.6337202756260134,0.9979548439410288,0.9991181014764312,0.9945288488787796,368,route_confidence,0.9945652173913043,,,,dynamic_gated
19,r0.95_m4,0.7950819672131147,0.8189633921447603,0.7691256830601093,0.9977726300784034,0.9989856059708565,0.9939729151736172,368,relevant_count,0.9945652173913043,,,,dynamic_gated
19,r0.95_m4,0.9986338797814207,1.0,0.9958791208791209,0.9999851508671893,1.0,0.9999251407354174,368,first_relevant_rank,0.9945652173913043,,,,dynamic_gated
19,r0.95_m4,0.9986338797814207,1.0,0.9955674633594681,0.9999851508671895,1.0,0.9999251407354175,368,first_relevant_token_position,0.9945652173913043,,,,dynamic_gated
19,r0.95_m4,0.41530054644808745,0.4332425068119891,0.39509536784741145,0.9936368058321838,0.9968924019790131,0.9839263059902903,368,route_support_count,0.9945652173913043,,,,dynamic_gated
13,continuous_headroom,,,,,,,369,route_confidence,,0.04257402384820363,0.14531081618426078,-0.05800265067053991,fixed_full
13,r0.85_m4,0.3711911357340721,0.6144513307542019,0.14781176142949615,0.966572001089427,0.9916526890020674,0.9347214164765819,369,route_confidence,0.978319783197832,,,,fixed_full
13,r0.85_m4,0.8185595567867037,0.8439248641868912,0.7935355534404308,0.9921326637089085,0.9970911635345863,0.9863200885529981,369,relevant_count,0.978319783197832,,,,fixed_full
13,r0.85_m4,0.9970567867036011,1.0,0.9917808219178083,0.9998934775883226,1.0,0.999695947166221,369,first_relevant_rank,0.978319783197832,,,,fixed_full
13,r0.85_m4,1.0,1.0,1.0,0.9999999999999998,1.0000000000000002,0.9999999999999998,369,first_relevant_token_position,0.978319783197832,,,,fixed_full
13,r0.85_m4,0.5415512465373962,0.7131868131868133,0.40846653005464484,0.980091343299706,0.9933027821226116,0.9636979857242024,369,route_support_count,0.978319783197832,,,,fixed_full
13,r0.95_m4,0.3752276867030966,0.75,0.10773342836778332,0.9899623914297069,0.9991737500738967,0.9743310477781942,369,route_confidence,0.991869918699187,,,,fixed_full
13,r0.95_m4,0.8142076502732241,0.837431693989071,0.7882513661202186,0.9969789861833045,0.9990573818781666,0.9927682702241387,369,relevant_count,0.991869918699187,,,,fixed_full
13,r0.95_m4,1.0,1.0,1.0,1.0,1.0,1.0,369,first_relevant_rank,0.991869918699187,,,,fixed_full
13,r0.95_m4,1.0,1.0,1.0,1.0,1.0,0.9999999999999999,369,first_relevant_token_position,0.991869918699187,,,,fixed_full
13,r0.95_m4,0.5828779599271403,0.9225068675216206,0.4019073569482289,0.9932124830597746,0.9995421986503655,0.9831678040422315,369,route_support_count,0.991869918699187,,,,fixed_full
17,continuous_headroom,,,,,,,366,route_confidence,,0.05477592545770862,0.15533782055194612,-0.046519644954395166,fixed_full
17,r0.85_m4,0.4363523187052599,0.6430715262746511,0.24402527479153438,0.9712089910069878,0.9917556713357789,0.9436762817642554,366,route_confidence,0.9754098360655737,,,,fixed_full
17,r0.85_m4,0.819327731092437,0.8436619718309859,0.794688978745628,0.9911144785783167,0.9962292062917006,0.9850004219368974,366,relevant_count,0.9754098360655737,,,,fixed_full
17,r0.85_m4,0.9964207905384376,1.0,0.990051139971027,0.9998688728679086,1.0,0.999613655609763,366,first_relevant_rank,0.9754098360655737,,,,fixed_full
17,r0.85_m4,0.9976657329598506,1.0,0.9923060941828257,0.9999311199889791,1.0,0.9997460170861233,366,first_relevant_token_position,0.9754098360655737,,,,fixed_full
17,r0.85_m4,0.5606909430438842,0.7403009259259259,0.39664804469273746,0.9783497888436585,0.9922998317766663,0.9611635212397495,366,route_support_count,0.9754098360655737,,,,fixed_full
17,r0.95_m4,0.5800554016620498,0.8793405235174446,0.28037643450732097,0.9901787519231597,0.9993162491557007,0.9761099713854688,366,route_confidence,0.9863387978142076,,,,fixed_full
17,r0.95_m4,0.8157894736842105,0.8408840973444555,0.790205455801105,0.9949669255104975,0.9989445317763305,0.9900123984019837,366,relevant_count,0.9863387978142076,,,,fixed_full
17,r0.95_m4,0.9997229916897508,1.0,0.9983379501385041,0.9999923478367334,1.0,0.9999539594843463,366,first_relevant_rank,0.9863387978142076,,,,fixed_full
17,r0.95_m4,1.0,1.0,1.0,0.9999999999999998,1.0000000000000002,0.9999999999999998,366,first_relevant_token_position,0.9863387978142076,,,,fixed_full
17,r0.95_m4,0.7952908587257618,0.9109016674934177,0.5613406795224978,0.9944242072821043,0.9993803448908796,0.9858288145202989,366,route_support_count,0.9863387978142076,,,,fixed_full
19,continuous_headroom,,,,,,,371,route_confidence,,0.025774153126953647,0.13523902871982948,-0.07711057360815757,fixed_full
19,r0.85_m4,0.4108126721763085,0.5981808447356536,0.20523361976369495,0.9720280693404094,0.9933615478344537,0.9440223533757589,371,route_confidence,0.9784366576819407,,,,fixed_full
19,r0.85_m4,0.8181818181818181,0.8421052631578947,0.7937158469945356,0.9921587846116149,0.9970555490448845,0.9863609911130045,371,relevant_count,0.9784366576819407,,,,fixed_full
19,r0.85_m4,0.9943181818181819,0.9990791896869244,0.9868524332810047,0.9997819263718635,0.9999629783201043,0.9994477378466226,371,first_relevant_rank,0.9784366576819407,,,,fixed_full
19,r0.85_m4,1.0,1.0,1.0,1.0,1.0000000000000002,0.9999999999999998,371,first_relevant_token_position,0.9784366576819407,,,,fixed_full
19,r0.85_m4,0.5375344352617081,0.7128415300546448,0.40821917808219177,0.9800564367202917,0.9936941237390595,0.9638474480593608,371,route_support_count,0.9784366576819407,,,,fixed_full
19,r0.95_m4,0.5183923705722071,0.7065158156616514,0.3513989599355453,0.9925508352629908,0.9983582598795251,0.9839056748476201,371,route_confidence,0.9892183288409704,,,,fixed_full
19,r0.95_m4,0.8147138964577656,0.8392857142857143,0.7882513661202186,0.9960046123225395,0.9990311065782764,0.9916835594365611,371,relevant_count,0.9892183288409704,,,,fixed_full
19,r0.95_m4,0.999659400544959,1.0,0.9979564032697548,0.9999925956640209,1.0,0.9999555824052456,371,first_relevant_rank,0.9892183288409704,,,,fixed_full
19,r0.95_m4,1.0,1.0,1.0,0.9999999999999999,1.0000000000000002,0.9999999999999998,371,first_relevant_token_position,0.9892183288409704,,,,fixed_full
19,r0.95_m4,0.6614441416893733,0.915989159891599,0.4078590785907859,0.9927374404873834,0.9995239354174554,0.9826070455622705,371,route_support_count,0.9892183288409704,,,,fixed_full
13,continuous_headroom,,,,,,,327,route_confidence,,-0.04804229410405991,0.05270768406248301,-0.154821812799967,fixed_cluster_primary
13,r0.85_m4,0.39106583072100315,0.5664628682897295,0.21154815550828485,0.9692557368535395,0.9919598464427125,0.94018109701873,327,route_confidence,0.9755351681957186,,,,fixed_cluster_primary
13,r0.85_m4,0.7433385579937304,0.8075740111623392,0.6340638194612958,0.9881046757688713,0.9959508438101711,0.9787254896131287,327,relevant_count,0.9755351681957186,,,,fixed_cluster_primary
13,r0.85_m4,0.995101880877743,0.9997561102313292,0.9879156987756328,0.9998061190928703,0.9999811808986121,0.9994959318538335,327,first_relevant_rank,0.9755351681957186,,,,fixed_cluster_primary
13,r0.85_m4,0.9974529780564263,1.0,0.9911821710936186,0.9999233077372907,1.0,0.9997105895291292,327,first_relevant_token_position,0.9755351681957186,,,,fixed_cluster_primary
13,r0.85_m4,0.7186520376175549,0.9004625264241212,0.533898343036274,0.9860925035875938,0.9963587982402944,0.9719705055847813,327,route_support_count,0.9755351681957186,,,,fixed_cluster_primary
13,r0.95_m4,0.44650205761316875,0.5689300411522633,0.2852760736196319,0.9923341068407998,0.9981597004265955,0.9823618742775148,327,route_confidence,0.9908256880733946,,,,fixed_cluster_primary
13,r0.95_m4,0.7839506172839505,0.8098159509202454,0.7569659442724459,0.9960357911428249,0.998771129997561,0.9908913694303924,327,relevant_count,0.9908256880733946,,,,fixed_cluster_primary
13,r0.95_m4,0.9984567901234568,1.0,0.9953271028037383,0.9999716842224488,1.0,0.9998856783560548,327,first_relevant_rank,0.9908256880733946,,,,fixed_cluster_primary
13,r0.95_m4,0.9984567901234568,1.0,0.9953416149068324,0.9999716842224488,1.0,0.9998856783560548,327,first_relevant_token_position,0.9908256880733946,,,,fixed_cluster_primary
13,r0.95_m4,0.6311728395061729,0.9674922600619196,0.4534810491702402,0.9932166424253707,0.9997842441980451,0.9831577767577948,327,route_support_count,0.9908256880733946,,,,fixed_cluster_primary
17,continuous_headroom,,,,,,,312,route_confidence,,-0.01963716485568979,0.08596022059076776,-0.12580447570249984,fixed_cluster_primary
17,r0.85_m4,0.4552980132450331,0.6172003131431695,0.3091954949459742,0.9708503232792554,0.9885101810555332,0.9486632960735412,312,route_confidence,0.967948717948718,,,,fixed_cluster_primary
17,r0.85_m4,0.7847682119205298,0.8125,0.7558922558922558,0.9862030905077263,0.9942557442557441,0.9771309771309773,312,relevant_count,0.967948717948718,,,,fixed_cluster_primary
17,r0.85_m4,0.9955298013245033,1.0,0.988079374891077,0.9998053188420932,1.0,0.9994516232690712,312,first_relevant_rank,0.967948717948718,,,,fixed_cluster_primary
17,r0.85_m4,0.9970198675496689,1.0,0.9911991199119912,0.9999026443740084,1.0,0.9996959721630393,312,first_relevant_token_position,0.967948717948718,,,,fixed_cluster_primary
17,r0.85_m4,0.5649006622516556,0.7105594241285029,0.45874587458745875,0.9720076661868401,0.9893937373915946,0.9511886770054383,312,route_support_count,0.967948717948718,,,,fixed_cluster_primary
17,r0.95_m4,0.4934640522875817,0.7569716775599129,0.24935483870967742,0.9830163528959956,0.9962215845113902,0.9650762398325048,312,route_confidence,0.9807692307692307,,,,fixed_cluster_primary
17,r0.95_m4,0.7810457516339869,0.8088235294117647,0.7530391120507399,0.9915786827551532,0.997332506203474,0.9838183618706875,312,relevant_count,0.9807692307692307,,,,fixed_cluster_primary
17,r0.95_m4,0.9989106753812637,1.0,0.9951298701298701,0.9999574205360755,1.0,0.9998268679326949,312,first_relevant_rank,0.9807692307692307,,,,fixed_cluster_primary
17,r0.95_m4,1.0,1.0,1.0,1.0,1.0,0.9999999999999998,312,first_relevant_token_position,0.9807692307692307,,,,fixed_cluster_primary
17,r0.95_m4,0.6380718954248367,0.8947739163526431,0.4596774193548387,0.9860056952386314,0.9965601969079187,0.9693596339475968,312,route_support_count,0.9807692307692307,,,,fixed_cluster_primary
19,continuous_headroom,,,,,,,324,route_confidence,,0.06755774349681785,0.171637735387483,-0.04245386683539537,fixed_cluster_primary
19,r0.85_m4,0.5966651644885084,0.8171284565450091,0.37628406708595385,0.9863636518851444,0.9974117707800394,0.9723554910483574,324,route_confidence,0.9783950617283951,,,,fixed_cluster_primary
19,r0.85_m4,0.7886435331230284,0.816314150523719,0.7609976906446542,0.9908673131596369,0.9972778161183958,0.9831422928823785,324,relevant_count,0.9783950617283951,,,,fixed_cluster_primary
19,r0.85_m4,0.9954934655250113,1.0,0.9883597883597884,0.9998725119378515,1.0,0.9996239725799474,324,first_relevant_rank,0.9783950617283951,,,,fixed_cluster_primary
19,r0.85_m4,0.9968454258675079,1.0,0.9904153354632588,0.9999318456205943,1.0,0.9997354497354496,324,first_relevant_token_position,0.9783950617283951,,,,fixed_cluster_primary
19,r0.85_m4,0.6185218566922037,0.8215501258841278,0.4656223060344828,0.983431771347091,0.9964391992833616,0.9673527955278405,324,route_support_count,0.9783950617283951,,,,fixed_cluster_primary
19,r0.95_m4,0.5,0.5,0.5,1.0,1.0,1.0,324,route_confidence,1.0,,,,fixed_cluster_primary
19,r0.95_m4,0.5,0.5,0.5,1.0,1.0,1.0,324,relevant_count,1.0,,,,fixed_cluster_primary
19,r0.95_m4,0.5,0.5,0.5,1.0,1.0,1.0,324,first_relevant_rank,1.0,,,,fixed_cluster_primary
19,r0.95_m4,0.5,0.5,0.5,1.0,1.0,1.0,324,first_relevant_token_position,1.0,,,,fixed_cluster_primary
19,r0.95_m4,0.5,0.5,0.5,1.0,1.0,1.0,324,route_support_count,1.0,,,,fixed_cluster_primary
13,continuous_headroom,,,,,,,349,route_confidence,,-0.04477113599117974,0.05676679858795669,-0.14696521818159772,shuffled_tiers
13,r0.85_m4,0.3031524926686217,0.49271956426522334,0.13747429204239833,0.9627559795322659,0.9891421034077952,0.9297177330520265,349,route_confidence,0.9770773638968482,,,,shuffled_tiers
13,r0.85_m4,0.8005865102639296,0.8265335614014391,0.7740524781341107,0.990857834281441,0.9965715421435315,0.9841920258614619,349,relevant_count,0.9770773638968482,,,,shuffled_tiers
13,r0.85_m4,0.9897360703812317,0.9982520531793787,0.9773014452005954,0.9996578578311079,0.9999503122049787,0.9991597568204855,349,first_relevant_rank,0.9770773638968482,,,,shuffled_tiers
13,r0.85_m4,0.9974340175953079,1.0,0.9916666666666667,0.9999327781932459,1.0,0.9997307897853235,349,first_relevant_token_position,0.9770773638968482,,,,shuffled_tiers
13,r0.85_m4,0.6876832844574781,0.8774124209778177,0.5114818295739348,0.985593413222266,0.9964787882070081,0.972602655927637,349,route_support_count,0.9770773638968482,,,,shuffled_tiers
13,r0.95_m4,0.3304431599229287,0.4798559896352402,0.2255968836391053,0.9902080841809637,0.997807634664592,0.9769475067701631,349,route_confidence,0.9914040114613181,,,,shuffled_tiers
13,r0.95_m4,0.796242774566474,0.8227665706051873,0.771245500713901,0.9964970104509996,0.9989131508744195,0.9917894066589588,349,relevant_count,0.9914040114613181,,,,shuffled_tiers
13,r0.95_m4,1.0,1.0,1.0,1.0,1.0,1.0,349,first_relevant_rank,0.9914040114613181,,,,shuffled_tiers
13,r0.95_m4,1.0,1.0,1.0,1.0,1.0000000000000002,0.9999999999999998,349,first_relevant_token_position,0.9914040114613181,,,,shuffled_tiers
13,r0.95_m4,0.7687861271676301,0.9482758620689655,0.4338604292954387,0.9960231638333004,0.9996609516410172,0.9887123058326551,349,route_support_count,0.9914040114613181,,,,shuffled_tiers
17,continuous_headroom,,,,,,,340,route_confidence,,-0.010894868216030588,0.09464375952430847,-0.11479579398263913,shuffled_tiers
17,r0.85_m4,0.37623337623337627,0.5342620481927711,0.24030842818548206,0.9777846279982644,0.9930670387831169,0.9584739882753522,340,route_confidence,0.9794117647058823,,,,shuffled_tiers
17,r0.85_m4,0.8048048048048049,0.8303571428571428,0.7789594566476081,0.9919625507860802,0.997650539505743,0.9852671343766866,340,relevant_count,0.9794117647058823,,,,shuffled_tiers
17,r0.85_m4,0.9948519948519948,1.0,0.9855035095740103,0.9998560287482443,1.0,0.9995892853534426,340,first_relevant_rank,0.9794117647058823,,,,shuffled_tiers
17,r0.85_m4,0.9987129987129986,1.0,0.9946290701577711,0.9999731874731874,1.0,0.9998917748917748,340,first_relevant_token_position,0.9794117647058823,,,,shuffled_tiers
17,r0.85_m4,0.4219219219219219,0.44029850746268656,0.4018120144583513,0.976265625550937,0.9906036252173925,0.9567153837255726,340,route_support_count,0.9794117647058823,,,,shuffled_tiers
17,r0.95_m4,0.453134328358209,0.7935281065088757,0.1878698224852071,0.9851747227170387,0.9980855881920988,0.9672522684485052,340,route_confidence,0.9852941176470589,,,,shuffled_tiers
17,r0.95_m4,0.8029850746268656,0.8283582089552239,0.7781065088757396,0.9942054433713784,0.9988027069234773,0.9882352941176471,340,relevant_count,0.9852941176470589,,,,shuffled_tiers
17,r0.95_m4,0.9997014925373134,1.0,0.9980217606330366,0.9999911158493249,1.0,0.9999468532707383,340,first_relevant_rank,0.9852941176470589,,,,shuffled_tiers
17,r0.95_m4,1.0,1.0,1.0,0.9999999999999999,1.0,0.9999999999999999,340,first_relevant_token_position,0.9852941176470589,,,,shuffled_tiers
17,r0.95_m4,0.5391044776119402,0.8063180019782394,0.41097922848664686,0.9864292108777646,0.9966587514725217,0.9724454771616177,340,route_support_count,0.9852941176470589,,,,shuffled_tiers
19,continuous_headroom,,,,,,,351,route_confidence,,0.041861073035745086,0.14514797552919614,-0.06182576537048553,shuffled_tiers
19,r0.85_m4,0.5234604105571847,0.6949201936070755,0.3574792960662526,0.9782863606851981,0.9923864207076976,0.9612420916210879,351,route_confidence,0.9715099715099715,,,,shuffled_tiers
19,r0.85_m4,0.8005865102639296,0.8250728862973761,0.7741935483870968,0.9886374079922468,0.9946895854758043,0.9801339801339801,351,relevant_count,0.9715099715099715,,,,shuffled_tiers
19,r0.85_m4,0.9960410557184751,1.0,0.9896174940523487,0.9998395041186351,1.0,0.9995307917567855,351,first_relevant_rank,0.9715099715099715,,,,shuffled_tiers
19,r0.85_m4,0.9973607038123167,1.0,0.9913544668587896,0.9999164515293548,1.0,0.9996974510248846,351,first_relevant_token_position,0.9715099715099715,,,,shuffled_tiers
19,r0.85_m4,0.5936950146627566,0.7518474022642541,0.4391304347826087,0.9767684121504059,0.9919540291623017,0.9583747817954782,351,route_support_count,0.9715099715099715,,,,shuffled_tiers
19,r0.95_m4,0.5977011494252874,0.7541948549534757,0.3438395415472779,0.9952065816820128,0.9991232760025697,0.9878968695386703,351,route_confidence,0.9914529914529915,,,,shuffled_tiers
19,r0.95_m4,0.7945402298850575,0.8196244106256657,0.7694524495677233,0.9964878671775224,0.9989010989010989,0.9919517740011925,351,relevant_count,0.9914529914529915,,,,shuffled_tiers
19,r0.95_m4,0.996168582375479,1.0,0.9874004954582989,0.9999424101683316,1.0,0.9998043459725838,351,first_relevant_rank,0.9914529914529915,,,,shuffled_tiers
19,r0.95_m4,0.9980842911877394,1.0,0.992816091954023,0.9999754396306122,1.0000000000000002,0.9998840522096336,351,first_relevant_token_position,0.9914529914529915,,,,shuffled_tiers
19,r0.95_m4,0.4367816091954023,0.45383718412153723,0.41954022988505746,0.9903666641581071,0.9968394747652833,0.9776510226738471,351,route_support_count,0.9914529914529915,,,,shuffled_tiers
13,continuous_headroom,,,,,,,363,route_confidence,,0.02185397180530646,0.12769981738636837,-0.07877941985555442,dense
13,r0.85_m4,0.48345070422535213,0.7633688158361932,0.21866292812585822,0.9725352423162401,0.995332138365517,0.943029885337725,363,route_confidence,0.977961432506887,,,,dense
13,r0.85_m4,0.8112676056338028,0.8361344537815126,0.7848953415171545,0.9916812167772475,0.996969696969697,0.9855233765106128,363,relevant_count,0.977961432506887,,,,dense
13,r0.85_m4,0.9897887323943663,0.9981333644568938,0.9783449543778681,0.9997091933614696,0.9999524804833779,0.9993293427910438,363,first_relevant_rank,0.977961432506887,,,,dense
13,r0.85_m4,0.9950704225352113,1.0,0.9868167870215645,0.9998758390563769,1.0,0.999623272350545,363,first_relevant_token_position,0.977961432506887,,,,dense
13,r0.85_m4,0.5316901408450704,0.7103597462955005,0.3982920651453461,0.9793338908237019,0.9929169232238402,0.9625982312421615,363,route_support_count,0.977961432506887,,,,dense
13,r0.95_m4,0.41316526610644255,0.6650051269493886,0.14612329611510344,0.9795691566551981,0.9960452130102954,0.9566858467587236,363,route_confidence,0.9834710743801653,,,,dense
13,r0.95_m4,0.8095238095238095,0.8333333333333333,0.7849162011173184,0.9937032664305392,0.9979701319414238,0.9884512741046833,363,relevant_count,0.9834710743801653,,,,dense
13,r0.95_m4,0.9971988795518207,1.0,0.9907407407407408,0.9999295131760578,1.0,0.999750948017842,363,first_relevant_rank,0.9834710743801653,,,,dense
13,r0.95_m4,1.0,1.0,1.0,1.0,1.0000000000000002,0.9999999999999998,363,first_relevant_token_position,0.9834710743801653,,,,dense
13,r0.95_m4,0.5737628384687208,0.8070504292522804,0.3963320193680551,0.9858833621742785,0.9967052477095352,0.9718682456779316,363,route_support_count,0.9834710743801653,,,,dense
17,continuous_headroom,,,,,,,363,route_confidence,,0.030156446460067533,0.1319742205474586,-0.06819672532397805,dense
17,r0.85_m4,0.3799295774647887,0.5483067311344644,0.22314717005738133,0.9744600000791178,0.9924860922832894,0.9534127107000333,363,route_confidence,0.977961432506887,,,,dense
17,r0.85_m4,0.8112676056338028,0.835195530726257,0.7863078057107387,0.9916812167772475,0.9967648071625345,0.9855726092089728,363,relevant_count,0.977961432506887,,,,dense
17,r0.85_m4,0.9897887323943663,0.9975365844089608,0.9785608314137783,0.9997091933614696,0.9999537080652552,0.9993043950809599,363,first_relevant_rank,0.977961432506887,,,,dense
17,r0.85_m4,0.9950704225352113,1.0,0.9872521246458924,0.9998758390563769,1.0,0.9996232723505449,363,first_relevant_token_position,0.977961432506887,,,,dense
17,r0.85_m4,0.4494718309859155,0.5857960893854748,0.37141456582633053,0.975777886969877,0.9908961297051236,0.956374626099376,363,route_support_count,0.977961432506887,,,,dense
17,r0.95_m4,0.48412698412698413,0.6453200408906266,0.33240997229916897,0.9869525033489784,0.9970083113961324,0.9738178446995313,363,route_confidence,0.9834710743801653,,,,dense
17,r0.95_m4,0.8095238095238095,0.8342624252762042,0.7865168539325842,0.9937032664305392,0.9979853941072778,0.9882920110192838,363,relevant_count,0.9834710743801653,,,,dense
17,r0.95_m4,0.9971988795518207,1.0,0.9905015638523881,0.9999295131760578,1.0,0.9997629711150453,363,first_relevant_rank,0.9834710743801653,,,,dense
17,r0.95_m4,1.0,1.0,1.0,1.0,1.0000000000000002,0.9999999999999998,363,first_relevant_token_position,0.9834710743801653,,,,dense
17,r0.95_m4,0.5550887021475257,0.7775558807946327,0.3798209786707979,0.9852770345772017,0.9966104956935959,0.9710718969558784,363,route_support_count,0.9834710743801653,,,,dense
19,continuous_headroom,,,,,,,363,route_confidence,,0.03075254343082749,0.13654983292317674,-0.0699596954667773,dense
19,r0.85_m4,0.43767605633802814,0.5869648281847949,0.2818392969240427,0.9790446364125936,0.9936181475054623,0.9605871110922571,363,route_confidence,0.977961432506887,,,,dense
19,r0.85_m4,0.8112676056338028,0.8356940509915014,0.7865168539325842,0.9916812167772475,0.9969702708907255,0.9853916955021226,363,relevant_count,0.977961432506887,,,,dense
19,r0.85_m4,0.9897887323943663,0.9978991596638656,0.9782893408760153,0.9997091933614696,0.9999537255982553,0.9993294665643252,363,first_relevant_rank,0.977961432506887,,,,dense
19,r0.85_m4,0.9950704225352113,1.0,0.987207179911124,0.9998758390563769,1.0,0.9996232723505449,363,first_relevant_token_position,0.977961432506887,,,,dense
19,r0.85_m4,0.5313380281690141,0.7044546291148435,0.39859154929577467,0.9793443982116121,0.9930588276802388,0.9622160238233616,363,route_support_count,0.977961432506887,,,,dense
19,r0.95_m4,0.37908496732026137,0.4850887021475257,0.24683528889995487,0.9825254636125058,0.9954216137874593,0.966144547639494,363,route_confidence,0.9834710743801653,,,,dense
19,r0.95_m4,0.8095238095238095,0.8347338935574229,0.7849162011173184,0.9937032664305392,0.9979701319414238,0.988377184639337,363,relevant_count,0.9834710743801653,,,,dense
19,r0.95_m4,0.9971988795518207,1.0,0.9907403691813804,0.9999295131760578,1.0,0.9997733243793248,363,first_relevant_rank,0.9834710743801653,,,,dense
19,r0.95_m4,1.0,1.0,1.0,1.0,1.0000000000000002,0.9999999999999998,363,first_relevant_token_position,0.9834710743801653,,,,dense
19,r0.95_m4,0.572829131652661,0.7855675487465181,0.3985687480656144,0.9858915514332762,0.9964475723137952,0.9716193661210593,363,route_support_count,0.9834710743801653,,,,dense
