calibration_eligible,calibration_hit_delta_pp,calibration_queries,calibration_saving_pct,fold,hit@10,hit_delta_pp,method,saving_pct,scale,seed,selected_policy,test_queries
False,-0.42016806722688926,476,7.937385395957412,0,0.8166666666666667,0.0,intentroute,0.0,100k,13,dense_top10_fallback,120
False,-0.42016806722688926,476,7.937385395957412,0,0.8166666666666667,0.0,intentroute,0.0,100k,17,dense_top10_fallback,120
False,-0.42016806722688926,476,7.937385395957412,0,0.8166666666666667,0.0,intentroute,0.0,100k,19,dense_top10_fallback,120
False,-1.2605042016806678,476,10.305801836317363,0,0.8166666666666667,0.0,dense,0.0,100k,,dense_top10_fallback,120
False,-0.13976240391334976,477,7.684915878856406,1,0.9159663865546218,0.0,intentroute,0.0,100k,13,dense_top10_fallback,119
False,-0.13976240391334976,477,7.684915878856406,1,0.9159663865546218,0.0,intentroute,0.0,100k,17,dense_top10_fallback,119
False,-0.13976240391334976,477,7.684915878856406,1,0.9159663865546218,0.0,intentroute,0.0,100k,19,dense_top10_fallback,119
False,-0.8385744234800874,477,14.487427162355305,1,0.9159663865546218,0.0,dense,0.0,100k,,dense_top10_fallback,119
False,-0.5590496156533915,477,7.822910383698333,2,0.8151260504201681,0.0,intentroute,0.0,100k,13,dense_top10_fallback,119
False,-0.5590496156533915,477,7.822910383698333,2,0.8151260504201681,0.0,intentroute,0.0,100k,17,dense_top10_fallback,119
False,-0.5590496156533915,477,7.822910383698333,2,0.8151260504201681,0.0,intentroute,0.0,100k,19,dense_top10_fallback,119
False,-1.048218029350112,477,10.574244712229863,2,0.8151260504201681,0.0,dense,0.0,100k,,dense_top10_fallback,119
True,3.700743415417188e-15,477,10.238527213740522,3,0.907563025210084,-2.5210084033613467,intentroute,11.32592277417297,100k,13,token_budget_r0.92_m4,119
True,3.700743415417188e-15,477,10.238527213740522,3,0.8907563025210085,-4.201680672268903,intentroute,13.201255185618542,100k,17,token_budget_r0.92_m4,119
True,3.700743415417188e-15,477,10.238527213740522,3,0.9243697478991597,-0.8403361344537785,intentroute,11.61418997978938,100k,19,token_budget_r0.92_m4,119
False,-0.8385744234800763,477,10.371952784751205,3,0.9327731092436975,0.0,dense,0.0,100k,,dense_top10_fallback,119
True,0.06988120195667857,477,10.993863670993036,4,0.8067226890756303,-5.042016806722682,intentroute,8.830881738672225,100k,13,token_budget_r0.92_m4,119
True,0.06988120195667857,477,10.993863670993036,4,0.8319327731092437,-2.5210084033613356,intentroute,10.984300797491198,100k,17,token_budget_r0.92_m4,119
True,0.06988120195667857,477,10.993863670993036,4,0.8487394957983193,-0.8403361344537785,intentroute,6.943507290521989,100k,19,token_budget_r0.92_m4,119
False,-1.0482180293501009,477,15.40190877231865,4,0.8571428571428571,0.0,dense,0.0,100k,,dense_top10_fallback,119
True,1.3305322128851529,476,15.273197808662186,0,0.75,0.8333333333333304,intentroute,18.73023297251548,200k,13,token_budget_r0.85_m4,120
True,1.3305322128851529,476,15.273197808662186,0,0.775,3.3333333333333326,intentroute,19.79709563900396,200k,17,token_budget_r0.85_m4,120
True,1.3305322128851529,476,15.273197808662186,0,0.75,0.8333333333333304,intentroute,18.795380640563042,200k,19,token_budget_r0.85_m4,120
False,-0.6302521008403339,476,10.925758986119638,0,0.7416666666666667,0.0,dense,0.0,200k,,dense_top10_fallback,120
True,1.5373864430468211,477,16.804374363164953,1,0.8907563025210085,3.3613445378151363,intentroute,12.292836720871259,200k,13,token_budget_r0.85_m4,119
True,1.5373864430468211,477,16.804374363164953,1,0.8235294117647058,-3.361344537815125,intentroute,13.628271906111955,200k,17,token_budget_r0.85_m4,119
True,1.5373864430468211,477,16.804374363164953,1,0.8823529411764706,2.5210084033613467,intentroute,13.176933174295868,200k,19,token_budget_r0.85_m4,119
False,-0.6289308176100628,477,11.311919822558124,1,0.8571428571428571,0.0,dense,0.0,200k,,dense_top10_fallback,119
True,1.187980433263447,477,16.18247951404303,2,0.8151260504201681,2.5210084033613467,intentroute,15.392964683364074,200k,13,token_budget_r0.85_m4,119
True,1.187980433263447,477,16.18247951404303,2,0.8067226890756303,1.6806722689075682,intentroute,15.720921547116085,200k,17,token_budget_r0.85_m4,119
True,1.187980433263447,477,16.18247951404303,2,0.8151260504201681,2.5210084033613467,intentroute,15.788030158026201,200k,19,token_budget_r0.85_m4,119
False,-0.8385744234800874,477,11.028470958925585,2,0.7899159663865546,0.0,dense,0.0,200k,,dense_top10_fallback,119
True,1.956673654786863,477,15.824289892902693,3,0.8571428571428571,0.8403361344537785,intentroute,17.64909675822817,200k,13,token_budget_r0.85_m4,119
True,1.956673654786863,477,15.824289892902693,3,0.8403361344537815,-0.8403361344537785,intentroute,17.116225356759884,200k,17,token_budget_r0.85_m4,119
True,1.956673654786863,477,15.824289892902693,3,0.8235294117647058,-2.5210084033613467,intentroute,16.24295416426078,200k,19,token_budget_r0.85_m4,119
False,-0.6289308176100628,477,10.646634838470181,3,0.8487394957983193,0.0,dense,0.0,200k,,dense_top10_fallback,119
True,0.9783368273934334,477,16.26107596595192,4,0.7815126050420168,3.361344537815125,intentroute,12.200422202905747,200k,13,token_budget_r0.85_m4,119
True,0.9783368273934334,477,16.26107596595192,4,0.7815126050420168,3.361344537815125,intentroute,17.086799950329056,200k,17,token_budget_r0.85_m4,119
True,0.9783368273934334,477,16.26107596595192,4,0.773109243697479,2.5210084033613467,intentroute,16.485160809636156,200k,19,token_budget_r0.85_m4,119
False,-0.6289308176100628,477,11.263682075587667,4,0.7478991596638656,0.0,dense,0.0,200k,,dense_top10_fallback,119
True,0.0,476,8.872428719756968,0,0.7416666666666667,4.166666666666674,intentroute,9.32017716690573,400k,13,token_budget_r0.95_m7,120
True,0.0,476,8.872428719756968,0,0.7583333333333333,5.833333333333335,intentroute,12.516221910481317,400k,17,token_budget_r0.95_m7,120
True,0.0,476,8.872428719756968,0,0.7333333333333333,3.3333333333333326,intentroute,9.763094431221731,400k,19,token_budget_r0.95_m7,120
False,-0.21008403361344463,476,11.323131170459423,0,0.7,0.0,dense,0.0,400k,,dense_top10_fallback,120
True,-3.700743415417188e-15,477,16.662793203551196,1,0.8235294117647058,-1.6806722689075682,intentroute,16.768593183508084,400k,13,token_budget_r0.85_m7,119
True,-3.700743415417188e-15,477,16.662793203551196,1,0.8487394957983193,0.8403361344537785,intentroute,17.230865001642737,400k,17,token_budget_r0.85_m7,119
True,-3.700743415417188e-15,477,16.662793203551196,1,0.8151260504201681,-2.5210084033613467,intentroute,14.955242635064636,400k,19,token_budget_r0.85_m7,119
False,-0.6289308176100739,477,11.494325728668853,1,0.8403361344537815,0.0,dense,0.0,400k,,dense_top10_fallback,119
True,0.06988120195667488,477,17.747081920450103,2,0.7478991596638656,-3.361344537815125,intentroute,20.224486510108797,400k,13,token_budget_r0.85_m4,119
True,0.06988120195667488,477,17.747081920450103,2,0.7563025210084033,-2.5210084033613467,intentroute,20.011155323504394,400k,17,token_budget_r0.85_m4,119
True,0.06988120195667488,477,17.747081920450103,2,0.7310924369747899,-5.042016806722693,intentroute,20.290613427789406,400k,19,token_budget_r0.85_m4,119
False,-0.6289308176100628,477,11.590293456906009,2,0.7815126050420168,0.0,dense,0.0,400k,,dense_top10_fallback,119
True,-3.700743415417188e-15,477,18.545762146448403,3,0.7899159663865546,-5.042016806722693,intentroute,15.548913043478251,400k,13,token_budget_r0.85_m5,119
True,-3.700743415417188e-15,477,18.545762146448403,3,0.8319327731092437,-0.8403361344537785,intentroute,17.16847826086957,400k,17,token_budget_r0.85_m5,119
True,-3.700743415417188e-15,477,18.545762146448403,3,0.8151260504201681,-2.5210084033613467,intentroute,16.8570652173913,400k,19,token_budget_r0.85_m5,119
False,-0.41928721174004924,477,11.326327829008509,3,0.8403361344537815,0.0,dense,0.0,400k,,dense_top10_fallback,119
True,0.0,477,11.057351245898728,4,0.7478991596638656,5.042016806722693,intentroute,8.173285019972543,400k,13,token_budget_r0.92_m8,119
True,0.0,477,11.057351245898728,4,0.7142857142857143,1.6806722689075682,intentroute,10.970678077194195,400k,17,token_budget_r0.92_m8,119
True,0.0,477,11.057351245898728,4,0.7226890756302521,2.5210084033613467,intentroute,7.337282497124697,400k,19,token_budget_r0.92_m8,119
False,-0.6289308176100628,477,11.812206260530267,4,0.6974789915966386,0.0,dense,0.0,400k,,dense_top10_fallback,119
True,0.3501400560224114,476,11.490379749079116,0,0.65,2.500000000000002,intentroute,16.561690847067524,638k,13,token_budget_r0.85_m8,120
True,0.3501400560224114,476,11.490379749079116,0,0.6583333333333333,3.3333333333333326,intentroute,17.382146233200444,638k,17,token_budget_r0.85_m8,120
True,0.3501400560224114,476,11.490379749079116,0,0.6416666666666667,1.6666666666666718,intentroute,17.932883975175695,638k,19,token_budget_r0.85_m8,120
False,-1.2605042016806678,476,11.625463007664205,0,0.625,0.0,dense,0.0,638k,,dense_top10_fallback,120
True,0.7686932215234126,477,17.15434224554719,1,0.8151260504201681,-0.8403361344537785,intentroute,15.121778871907088,638k,13,token_budget_r0.85_m4,119
True,0.7686932215234126,477,17.15434224554719,1,0.8067226890756303,-1.680672268907557,intentroute,14.681847710876339,638k,17,token_budget_r0.85_m4,119
True,0.7686932215234126,477,17.15434224554719,1,0.8151260504201681,-0.8403361344537785,intentroute,13.994597736519976,638k,19,token_budget_r0.85_m4,119
False,-1.0482180293501009,477,11.291696364203785,1,0.8235294117647058,0.0,dense,0.0,638k,,dense_top10_fallback,119
True,0.6289308176100628,477,16.38825753396444,2,0.7394957983193278,0.0,intentroute,17.11157076391038,638k,13,token_budget_r0.85_m4,119
True,0.6289308176100628,477,16.38825753396444,2,0.7226890756302521,-1.6806722689075682,intentroute,17.273354071999016,638k,17,token_budget_r0.85_m4,119
True,0.6289308176100628,477,16.38825753396444,2,0.7394957983193278,0.0,intentroute,18.822782130002125,638k,19,token_budget_r0.85_m4,119
False,-1.2578616352201255,477,11.80655162521791,2,0.7394957983193278,0.0,dense,0.0,638k,,dense_top10_fallback,119
True,1.2578616352201255,477,17.1061629764576,3,0.773109243697479,-3.361344537815125,intentroute,15.117519133453229,638k,13,token_budget_r0.85_m4,119
True,1.2578616352201255,477,17.1061629764576,3,0.7899159663865546,-1.6806722689075682,intentroute,14.194303876876758,638k,17,token_budget_r0.85_m4,119
True,1.2578616352201255,477,17.1061629764576,3,0.7647058823529411,-4.201680672268915,intentroute,15.662247501150095,638k,19,token_budget_r0.85_m4,119
False,-0.8385744234800874,477,13.472362082004963,3,0.8067226890756303,0.0,dense,0.0,638k,,dense_top10_fallback,119
True,0.06988120195667857,477,12.542844944553604,4,0.7226890756302521,7.563025210084029,intentroute,10.3242206117785,638k,13,token_budget_r0.90_m4,119
True,0.06988120195667857,477,12.542844944553604,4,0.6554621848739496,0.8403361344537785,intentroute,11.875053466459729,638k,17,token_budget_r0.90_m4,119
True,0.06988120195667857,477,12.542844944553604,4,0.6722689075630253,2.5210084033613467,intentroute,10.519144047808194,638k,19,token_budget_r0.90_m4,119
False,-1.467505241090139,477,11.555963868752638,4,0.6470588235294118,0.0,dense,0.0,638k,,dense_top10_fallback,119
