selector,seed,budget_ratio,min_keep,target_coverage,score_threshold,baseline_hit@10,baseline_only_hits,baseline_run_id,baseline_tokens_mean,choice_label,evidence_recall_delta_ci_high,evidence_recall_delta_ci_low,evidence_recall_delta_mean,hit_delta_ci_high,hit_delta_ci_low,hit_delta_mean,hit_losses,hit_ties,hit_wins,mcnemar_p_two_sided,method_hit@10,method_label,method_only_hits,method_run_id,method_tokens_mean,mrr_delta_mean,ndcg_delta_mean,noninferior_by_ci,noninferior_margin,num_queries,saving_target_pct,scale,token_delta_ci_high,token_delta_ci_low,token_delta_mean,token_down_hit_better,token_down_hit_same,token_down_hit_worse,token_down_nonworse_rate,token_ratio,token_saving_ci_high,token_saving_ci_low,token_saving_mean,token_saving_percent,token_saving_wilcoxon_p_greater
geometry_feedback,13,0.88,7,0.2,0.9301249198330068,0.8705035971223022,2,dense_top10,1470.1199040767385,saving_target,-0.004006281390770353,-0.013054928053377568,-0.008118774423661547,0.0,-0.011990407673860911,-0.004796163069544364,2,415,0,0.5,0.8657074340527577,geometry_feedback,0,geometry_feedback:r0.88:m7:c0.20,1411.8705035971223,-0.000539568345323741,-0.004613520792738272,False,0.0,417,5.0,100k,-41.96876498800959,-77.02937649880096,-58.249400479616305,0,82,2,0.19664268585131894,0.9603777893775284,76.76510791366904,42.529196642685854,58.249400479616305,3.962221062247162,3.5995214108897298e-12
geometry_feedback,17,0.88,7,0.2,0.893437709139039,0.8705035971223022,0,dense_top10,1470.1199040767385,saving_target,-0.002001634026410757,-0.008556194005834293,-0.005027437969015742,0.0,0.0,0.0,0,417,0,1.0,0.8705035971223022,geometry_feedback,0,geometry_feedback:r0.88:m7:c0.20,1411.021582733813,0.0,-0.003112395672796173,True,0.0,417,5.0,100k,-45.1763788968825,-74.65845323741006,-59.09832134292566,0,87,0,0.20863309352517986,0.9598003392927053,74.68315347721821,45.1537170263789,59.09832134292566,4.019966070729475,8.546726903426559e-13
geometry_feedback,19,0.88,7,0.2,0.9159969741897146,0.8705035971223022,1,dense_top10,1470.1199040767385,saving_target,-0.0030973410926431275,-0.012546388176814869,-0.007253622389444766,0.0,-0.007194244604316547,-0.002398081534772182,1,416,0,1.0,0.86810551558753,geometry_feedback,0,geometry_feedback:r0.88:m7:c0.20,1411.2517985611512,-0.00023980815347721823,-0.003622467450247656,False,0.0,417,5.0,100k,-45.61378896882494,-73.44388489208633,-58.86810551558753,0,90,1,0.2158273381294964,0.9599569359258777,72.74676258992805,46.1158273381295,58.86810551558753,4.004306407412228,1.2141843779589633e-13
geometry_feedback,13,0.98,4,0.9,0.38951424724665046,0.8705035971223022,4,dense_top10,1470.1199040767385,saving_target,-0.00778317389378541,-0.019175809486759,-0.013238185388396254,-0.002398081534772182,-0.019184652278177457,-0.009592326139088728,4,413,0,0.125,0.8609112709832134,geometry_feedback,0,geometry_feedback:r0.98:m4:c0.90,1329.6235011990407,-0.0009592326139088729,-0.006716065720056895,False,0.0,417,10.0,100k,-120.82164268585132,-166.3699040767386,-140.49640287769785,0,377,4,0.9040767386091128,0.9044320109617643,164.34070743405275,120.02056354916067,140.49640287769785,9.556798903823571,2.424621978009702e-69
geometry_feedback,17,0.98,4,0.9,0.3354609640230188,0.8705035971223022,4,dense_top10,1470.1199040767385,saving_target,-0.0070107847145182865,-0.018965762715995288,-0.012467373466505196,-0.002398081534772182,-0.019184652278177457,-0.009592326139088728,4,413,0,0.125,0.8609112709832134,geometry_feedback,0,geometry_feedback:r0.98:m4:c0.90,1332.904076738609,-0.0009592326139088729,-0.006292886032891699,False,0.0,417,10.0,100k,-118.30119904076741,-161.96354916067145,-137.2158273381295,0,376,4,0.9016786570743405,0.9066635129844709,161.31570743405274,118.06258992805755,137.2158273381295,9.33364870155291,2.761567934648507e-69
geometry_feedback,19,0.98,4,0.9,0.38713739041778533,0.8705035971223022,4,dense_top10,1470.1199040767385,saving_target,-0.006915311608005731,-0.019057356928310166,-0.012638665004703209,-0.002398081534772182,-0.019184652278177457,-0.009592326139088728,4,413,0,0.125,0.8609112709832134,geometry_feedback,0,geometry_feedback:r0.98:m4:c0.90,1328.5635491606715,-0.0009592326139088729,-0.006445453870299257,False,0.0,417,10.0,100k,-122.50431654676264,-165.59538369304556,-141.55635491606714,0,381,4,0.9136690647482014,0.9037110139631999,165.82080335731413,122.37314148681055,141.55635491606714,9.628898603680014,1.49009811005444e-69
geometry_feedback,13,0.8,6,0.5,0.7541204010831316,0.8705035971223022,6,dense_top10,1470.1199040767385,saving_target,-0.01584858844526112,-0.035400999472104656,-0.024590087595545297,-0.004796163069544364,-0.026378896882494004,-0.014388489208633094,6,411,0,0.03125,0.8561151079136691,geometry_feedback,0,geometry_feedback:r0.80:m6:c0.50,1271.326139088729,-0.0017309961554565871,-0.01310222488522241,False,0.0,417,15.0,100k,-173.04220623501203,-228.44934052757793,-198.7937649880096,0,199,6,0.47721822541966424,0.8647771760407151,228.11294964028775,172.04760191846523,198.7937649880096,13.522282395928487,7.62726599685369e-41
geometry_feedback,17,0.8,6,0.5,0.709152257364208,0.8705035971223022,9,dense_top10,1470.1199040767385,saving_target,-0.016510034881484278,-0.036702101447667064,-0.025704434213489037,-0.009592326139088728,-0.03597122302158273,-0.02158273381294964,9,408,0,0.00390625,0.8489208633093526,geometry_feedback,0,geometry_feedback:r0.80:m6:c0.50,1266.9112709832134,-0.0025636633550302616,-0.012988221514737162,False,0.0,417,15.0,100k,-174.89532374100725,-235.93854916067147,-203.20863309352518,0,206,9,0.4940047961630695,0.8617741093566489,234.11648681055155,175.28896882494004,203.20863309352518,13.822589064335112,3.4408057337527248e-43
geometry_feedback,19,0.8,6,0.5,0.7292100693809664,0.8705035971223022,9,dense_top10,1470.1199040767385,saving_target,-0.018934737901573056,-0.039968300065127776,-0.028861908234272416,-0.009592326139088728,-0.03597122302158273,-0.02158273381294964,9,408,0,0.00390625,0.8489208633093526,geometry_feedback,0,geometry_feedback:r0.80:m6:c0.50,1263.6570743405275,-0.0024770659662745995,-0.014557566731484813,False,0.0,417,15.0,100k,-179.73435251798563,-237.2369304556355,-206.46282973621103,0,212,9,0.5083932853717026,0.85956055069816,235.66157074340524,179.6257793764988,206.46282973621103,14.043944930184004,1.422297907436466e-44
geometry_feedback,13,0.88,4,0.9,0.38951424724665046,0.8705035971223022,7,dense_top10,1470.1199040767385,saving_target,-0.015251924001924006,-0.030238913026915382,-0.022294576639032112,-0.004796163069544364,-0.03117505995203837,-0.016786570743405275,7,410,0,0.015625,0.8537170263788969,geometry_feedback,0,geometry_feedback:r0.88:m4:c0.90,1200.9520383693045,-0.0017918998134825474,-0.011574480248724053,False,0.0,417,20.0,100k,-238.04544364508394,-307.5791366906475,-269.16786570743403,0,374,7,0.8968824940047961,0.8169075427378312,304.7380095923261,239.29094724220624,269.16786570743403,18.309245726216883,2.4260916443020886e-69
geometry_feedback,17,0.88,4,0.9,0.3354609640230188,0.8705035971223022,7,dense_top10,1470.1199040767385,saving_target,-0.013560155122655126,-0.028890489302840456,-0.021124084461345692,-0.004796163069544364,-0.02877697841726619,-0.016786570743405275,7,410,0,0.015625,0.8537170263788969,geometry_feedback,0,geometry_feedback:r0.88:m4:c0.90,1205.1103117505995,-0.0017918998134825474,-0.01093285355143066,False,0.0,417,20.0,100k,-234.5790167865708,-298.34796163069547,-265.0095923261391,0,373,7,0.894484412470024,0.8197360694245074,298.8254196642685,235.07260191846524,265.0095923261391,18.02639305754926,2.76344298948739e-69
geometry_feedback,19,0.88,4,0.9,0.38713739041778533,0.8705035971223022,7,dense_top10,1470.1199040767385,saving_target,-0.014611442805749436,-0.030242613268692403,-0.021695056255339067,-0.004796163069544364,-0.03117505995203837,-0.016786570743405275,7,410,0,0.015625,0.8537170263788969,geometry_feedback,0,geometry_feedback:r0.88:m4:c0.90,1195.904076738609,-0.0017918998134825474,-0.011303868398966415,False,0.0,417,20.0,100k,-242.47410071942446,-309.47991606714623,-274.2158273381295,0,378,7,0.9064748201438849,0.8134738353125408,306.50587529976013,244.54460431654675,274.2158273381295,18.65261646874592,1.4912378553181564e-69
geometry_no_feedback,13,0.88,8,0.4,0.4415777623653412,0.8705035971223022,5,dense_top10,1470.1199040767385,saving_target,-0.004796163069544364,-0.01763246545620646,-0.010814205778234555,-0.002398081534772182,-0.023980815347721823,-0.011990407673860911,5,412,0,0.0625,0.8585131894484412,geometry_no_feedback,0,geometry_no_feedback:r0.88:m8:c0.40,1392.5395683453237,-0.0012523314681588064,-0.004218868654454759,False,0.0,417,5.0,100k,-60.670743405275786,-98.49358513189446,-77.58033573141486,0,151,5,0.36211031175059955,0.9472285658358346,98.7955035971223,61.212709832134294,77.58033573141486,5.277143416416541,6.448301664959163e-29
geometry_no_feedback,17,0.88,8,0.4,0.44373664259910583,0.8705035971223022,3,dense_top10,1470.1199040767385,saving_target,-0.003420121046020327,-0.014588971679799015,-0.008718739294278863,0.0,-0.016786570743405275,-0.007194244604316547,3,414,0,0.25,0.8633093525179856,geometry_no_feedback,0,geometry_no_feedback:r0.88:m8:c0.40,1394.5395683453237,-0.0007460698108180123,-0.0036014950268585286,False,0.0,417,5.0,100k,-62.50347721822542,-89.57272182254196,-75.58033573141486,0,149,3,0.35731414868105515,0.9485889990865196,89.60701438848922,62.164508393285374,75.58033573141486,5.141100091348038,6.2081619509724155e-28
geometry_no_feedback,19,0.88,8,0.4,0.45456963777542114,0.8705035971223022,4,dense_top10,1470.1199040767385,saving_target,-0.004737995318031295,-0.017532188534886375,-0.010514445586388033,-0.002398081534772182,-0.019184652278177457,-0.009592326139088728,4,413,0,0.125,0.8609112709832134,geometry_no_feedback,0,geometry_no_feedback:r0.88:m8:c0.40,1402.68345323741,-0.001012523314681588,-0.004231924751109031,False,0.0,417,5.0,100k,-56.107973621103135,-78.66684652278178,-67.43645083932854,0,143,4,0.34292565947242204,0.9541286049849929,79.30695443645084,56.25617505995204,67.43645083932854,4.587139501500714,1.0465545756130827e-26
geometry_no_feedback,13,0.75,5,0.4,0.4415777623653412,0.8705035971223022,12,dense_top10,1470.1199040767385,saving_target,-0.015582629134787414,-0.03702247725629021,-0.025497697080430894,-0.014388489208633094,-0.045563549160671464,-0.02877697841726619,12,405,0,0.00048828125,0.841726618705036,geometry_no_feedback,0,geometry_no_feedback:r0.75:m5:c0.40,1320.4172661870505,-0.003455330973316585,-0.010739062848926062,False,0.0,417,10.0,100k,-122.79022781774586,-181.433932853717,-149.70263788968825,0,144,12,0.34532374100719426,0.8981697768497978,181.5663669064748,121.87625899280576,149.70263788968825,10.183022315020217,6.448459824829275e-29
geometry_no_feedback,17,0.75,5,0.4,0.44373664259910583,0.8705035971223022,9,dense_top10,1470.1199040767385,saving_target,-0.01194282669102813,-0.031842383236268125,-0.02083856724144494,-0.009532374100719752,-0.03597122302158273,-0.02158273381294964,9,408,0,0.00390625,0.8489208633093526,geometry_no_feedback,0,geometry_no_feedback:r0.75:m5:c0.40,1321.549160671463,-0.002649309124129268,-0.008648871793437672,False,0.0,417,10.0,100k,-118.18123501199041,-184.61654676258993,-148.57074340527578,0,143,9,0.34292565947242204,0.8989397102962288,184.1252997601918,119.09730215827338,148.57074340527578,10.106028970377123,6.2081619509724155e-28
geometry_no_feedback,19,0.75,5,0.4,0.45456963777542114,0.8705035971223022,10,dense_top10,1470.1199040767385,saving_target,-0.013417765787370105,-0.03423268528034715,-0.023327052643599404,-0.009592326139088728,-0.03836930455635491,-0.023980815347721823,10,407,0,0.001953125,0.8465227817745803,geometry_no_feedback,0,geometry_no_feedback:r0.75:m5:c0.40,1321.2853717026378,-0.0029490693159757906,-0.00964554892915896,False,0.0,417,10.0,100k,-118.47595923261393,-184.91690647482017,-148.83453237410072,0,137,10,0.328537170263789,0.8987602766540519,181.6459232613909,118.52260191846523,148.83453237410072,10.12397233459481,1.0465730454129302e-26
geometry_no_feedback,13,0.75,7,0.6,0.37102270126342773,0.8705035971223022,10,dense_top10,1470.1199040767385,saving_target,-0.017354307030566025,-0.03643097426820448,-0.02665676982223745,-0.009592326139088728,-0.03836930455635491,-0.023980815347721823,10,407,0,0.001953125,0.8465227817745803,geometry_no_feedback,0,geometry_no_feedback:r0.75:m7:c0.60,1270.0263788968825,-0.002624567013056222,-0.01195415205307718,False,0.0,417,15.0,100k,-173.48663069544367,-230.87607913669063,-200.0935251798561,0,243,10,0.5827338129496403,0.8638930575492628,228.94802158273382,175.54676258992805,200.0935251798561,13.610694245073718,1.4224798961661648e-51
geometry_no_feedback,17,0.75,7,0.6,0.3576866388320923,0.8705035971223022,9,dense_top10,1470.1199040767385,saving_target,-0.01778936374709756,-0.0375039254310837,-0.027044079022496288,-0.009592326139088728,-0.03597122302158273,-0.02158273381294964,9,408,0,0.00390625,0.8489208633093526,geometry_no_feedback,0,geometry_no_feedback:r0.75:m7:c0.60,1264.609112709832,-0.0023581135091926457,-0.01254841321817463,False,0.0,417,15.0,100k,-179.2076139088729,-236.8386690647482,-205.5107913669065,0,243,9,0.5827338129496403,0.860208143024925,234.45317745803354,179.17272182254197,205.5107913669065,13.979185697507502,2.2942116780866648e-51
geometry_no_feedback,19,0.75,7,0.6,0.38991880416870117,0.8705035971223022,10,dense_top10,1470.1199040767385,saving_target,-0.01904081496707397,-0.038078786970423655,-0.027886262418636523,-0.009592326139088728,-0.03836930455635491,-0.023980815347721823,10,407,0,0.001953125,0.8465227817745803,geometry_no_feedback,0,geometry_no_feedback:r0.75:m7:c0.60,1270.4124700239809,-0.002624567013056222,-0.012686847531063335,False,0.0,417,15.0,100k,-175.37865707434054,-224.76330935251798,-199.7074340527578,0,241,10,0.5779376498800959,0.8641556831528123,223.74622302158272,176.41025179856115,199.7074340527578,13.584431684718767,3.7072198447111295e-51
geometry_no_feedback,13,0.85,7,0.9,0.2659912705421448,0.8705035971223022,6,dense_top10,1470.1199040767385,saving_target,-0.01633019774656465,-0.03144384492406075,-0.023593030337634657,-0.004796163069544364,-0.026378896882494004,-0.014388489208633094,6,411,0,0.03125,0.8561151079136691,geometry_no_feedback,0,geometry_no_feedback:r0.85:m7:c0.90,1209.515587529976,-0.0015254463096189715,-0.012621776182743046,False,0.0,417,20.0,100k,-236.5515587529976,-288.55731414868103,-260.6043165467626,0,369,6,0.8848920863309353,0.8227326112488582,290.36300959232614,234.40473621103118,260.6043165467626,17.72673887511418,5.575608430058269e-69
geometry_no_feedback,17,0.85,7,0.9,0.2292739897966385,0.8705035971223022,6,dense_top10,1470.1199040767385,saving_target,-0.01636457500666135,-0.03164788407369343,-0.02367296638879373,-0.004796163069544364,-0.026378896882494004,-0.014388489208633094,6,411,0,0.03125,0.8561151079136691,geometry_no_feedback,0,geometry_no_feedback:r0.85:m7:c0.90,1208.0167865707433,-0.0015254463096189715,-0.012388661462198186,False,0.0,417,20.0,100k,-236.45071942446046,-289.64988009592327,-262.1031175059952,0,374,6,0.8968824940047961,0.8217131019183087,289.06151079136686,236.77488009592327,262.1031175059952,17.82868980816913,2.763205236944916e-69
geometry_no_feedback,19,0.85,7,0.9,0.28702032566070557,0.8705035971223022,6,dense_top10,1470.1199040767385,saving_target,-0.01637679675635518,-0.03189098228806118,-0.02389544850162563,-0.004796163069544364,-0.026378896882494004,-0.014388489208633094,6,411,0,0.03125,0.8561151079136691,geometry_no_feedback,0,geometry_no_feedback:r0.85:m7:c0.90,1219.0551558752998,-0.0015254463096189715,-0.01286661406073564,False,0.0,417,20.0,100k,-227.40053956834538,-278.5707434052757,-251.06474820143885,0,359,6,0.8609112709832134,0.829221584235939,277.85227817745806,226.6088129496403,251.06474820143885,17.077841576406104,2.918883147874636e-68
random_feedback,13,0.8,7,0.2,0.6947486705214504,0.8705035971223022,0,dense_top10,1470.1199040767385,saving_target,-0.00511894488738014,-0.0131241769161175,-0.008920242519225402,0.0,0.0,0.0,0,417,0,1.0,0.8705035971223022,random_feedback,0,random_feedback:r0.80:m7:c0.20,1394.3501199040768,0.0,-0.00651309931930829,True,0.0,417,5.0,100k,-56.12709832134295,-100.69106714628298,-75.76978417266187,0,85,0,0.2038369304556355,0.9484601331071383,101.38489208633092,54.806834532374104,75.76978417266187,5.153986689286172,2.2346044116907063e-12
random_feedback,17,0.8,7,0.2,0.6896125079221331,0.8705035971223022,2,dense_top10,1470.1199040767385,saving_target,-0.0062527969115974595,-0.01468007897011246,-0.010278203769272982,0.0,-0.011990407673860911,-0.004796163069544364,2,415,0,0.5,0.8657074340527577,random_feedback,0,random_feedback:r0.80:m7:c0.20,1386.9544364508392,-0.0005662136957100986,-0.006938586733485558,False,0.0,417,5.0,100k,-63.412410071942446,-103.63800959232614,-83.16546762589928,0,93,2,0.22302158273381295,0.9434294662664753,104.26942446043165,63.743944844124705,83.16546762589928,5.657053373352472,1.662674645551229e-14
random_feedback,19,0.8,7,0.2,0.7273484368071328,0.8705035971223022,2,dense_top10,1470.1199040767385,saving_target,-0.0056547364735469435,-0.018010539993143566,-0.010759247505712404,0.0,-0.011990407673860911,-0.004796163069544364,2,415,0,0.5,0.8657074340527577,random_feedback,0,random_feedback:r0.80:m7:c0.20,1401.8705035971223,-0.0005662136957100986,-0.00688237745641303,False,0.0,417,5.0,100k,-52.54400479616307,-84.28543165467626,-68.24940047961631,0,77,2,0.18465227817745802,0.9535756231241028,84.85539568345324,53.02907673860912,68.24940047961631,4.642437687589718,3.7508925782309885e-11
random_feedback,13,0.75,5,0.3,0.6201407551366837,0.8705035971223022,2,dense_top10,1470.1199040767385,saving_target,-0.010863128686482074,-0.023940563849860548,-0.017007582171313256,0.0,-0.011990407673860911,-0.004796163069544364,2,415,0,0.5,0.8657074340527577,random_feedback,0,random_feedback:r0.75:m5:c0.30,1332.707434052758,-0.000506261657340794,-0.010986232261155872,False,0.0,417,10.0,100k,-110.48189448441246,-168.91438848920862,-137.4124700239808,0,118,2,0.2829736211031175,0.9065297533603028,168.30227817745802,110.61594724220625,137.4124700239808,9.347024663969716,3.397283913846589e-20
random_feedback,17,0.75,5,0.3,0.5799361993103358,0.8705035971223022,5,dense_top10,1470.1199040767385,saving_target,-0.0136658751816281,-0.026963446484191956,-0.019995192083383597,-0.002398081534772182,-0.023980815347721823,-0.011990407673860911,5,412,0,0.0625,0.8585131894484412,random_feedback,0,random_feedback:r0.75:m5:c0.30,1286.841726618705,-0.0014417037798332762,-0.01214165783098193,False,0.0,417,10.0,100k,-147.44454436450846,-225.09670263788965,-183.27817745803358,0,146,5,0.3501199040767386,0.8753311366305625,224.20473621103105,147.4550959232614,183.27817745803358,12.46688633694375,1.0929459635100243e-27
random_feedback,19,0.75,5,0.3,0.6163558873067024,0.8705035971223022,6,dense_top10,1470.1199040767385,saving_target,-0.013500883201484794,-0.029338152630604873,-0.021118103278237238,-0.004796163069544364,-0.026378896882494004,-0.014388489208633094,6,411,0,0.03125,0.8561151079136691,random_feedback,0,random_feedback:r0.75:m5:c0.30,1323.9568345323742,-0.0016120436983746336,-0.012631104235517035,False,0.0,417,10.0,100k,-114.4919064748202,-181.0023381294964,-146.1630695443645,0,119,6,0.2853717026378897,0.9005774500848233,181.59766187050357,116.160551558753,146.1630695443645,9.942254991517673,2.2189885272349915e-21
random_feedback,13,0.8,5,0.5,0.48997444330774675,0.8705035971223022,6,dense_top10,1470.1199040767385,saving_target,-0.018973048162455257,-0.03667175887592657,-0.027415922165984187,-0.004796163069544364,-0.026378896882494004,-0.014388489208633094,6,411,0,0.03125,0.8561151079136691,random_feedback,0,random_feedback:r0.80:m5:c0.50,1272.757793764988,-0.0016053823607780442,-0.015454516195436434,False,0.0,417,15.0,100k,-164.55521582733812,-236.38968824940048,-197.3621103117506,0,184,6,0.4412470023980815,0.8657510113532559,236.92344124700233,163.798860911271,197.3621103117506,13.424898864674406,2.999042648431781e-37
random_feedback,17,0.8,5,0.5,0.454683097301959,0.8705035971223022,4,dense_top10,1470.1199040767385,saving_target,-0.016245164526685864,-0.030091917173829235,-0.022632130151976345,-0.002398081534772182,-0.019184652278177457,-0.009592326139088728,4,413,0,0.125,0.8609112709832134,random_feedback,0,random_feedback:r0.80:m5:c0.50,1248.4604316546763,-0.0010991207034372502,-0.013472165284489997,False,0.0,417,15.0,100k,-185.50551558752997,-264.50089928057554,-221.65947242206235,0,215,4,0.5155875299760192,0.8492235416938537,262.3789568345324,187.85875299760193,221.65947242206235,15.077645830614628,4.0932911421858092e-44
random_feedback,19,0.8,5,0.5,0.4693940846092788,0.8705035971223022,8,dense_top10,1470.1199040767385,saving_target,-0.018909741739374594,-0.03760228606188045,-0.027618617152851833,-0.007194244604316547,-0.03357314148681055,-0.019184652278177457,8,409,0,0.0078125,0.8513189448441247,random_feedback,0,random_feedback:r0.80:m5:c0.50,1261.232613908873,-0.002144950706101785,-0.015263269328371779,False,0.0,417,15.0,100k,-176.846103117506,-247.59478417266186,-208.8872901678657,0,211,8,0.5059952038369304,0.8579113924050634,247.17014388489207,177.2702637889688,208.8872901678657,14.208860759493657,4.0933247214566736e-44
random_feedback,13,0.88,6,0.9,0.27194779812665276,0.8705035971223022,7,dense_top10,1470.1199040767385,saving_target,-0.01444193506964842,-0.0295738211639973,-0.021695056255339067,-0.004796163069544364,-0.028836930455635387,-0.016786570743405275,7,410,0,0.015625,0.8537170263788969,random_feedback,0,random_feedback:r0.88:m6:c0.90,1207.7985611510792,-0.0017918998134825474,-0.011212322890863609,False,0.0,417,20.0,100k,-235.3656474820144,-291.6320143884892,-262.32134292565945,0,370,7,0.8872901678657075,0.8215646613597809,291.9626498800959,234.4982613908873,262.32134292565945,17.84353386402191,4.168544818906028e-69
random_feedback,17,0.88,6,0.9,0.2662114092890936,0.8705035971223022,7,dense_top10,1470.1199040767385,saving_target,-0.013646392372592459,-0.028671664623816696,-0.020895695743748336,-0.004796163069544364,-0.03117505995203837,-0.016786570743405275,7,410,0,0.015625,0.8537170263788969,random_feedback,0,random_feedback:r0.88:m6:c0.90,1202.9112709832134,-0.001818545163868905,-0.010883284848733453,False,0.0,417,20.0,100k,-240.81924460431654,-298.76067146282975,-267.2086330935252,0,382,7,0.9160671462829736,0.8182402453347253,297.93627098321343,241.73375299760193,267.2086330935252,18.175975466527472,9.684299512888053e-70
random_feedback,19,0.88,6,0.9,0.2846037304519992,0.8705035971223022,7,dense_top10,1470.1199040767385,saving_target,-0.013831009009779788,-0.02939180335832841,-0.020895695743748336,-0.004796163069544364,-0.03117505995203837,-0.016786570743405275,7,410,0,0.015625,0.8537170263788969,random_feedback,0,random_feedback:r0.88:m6:c0.90,1208.2877697841727,-0.001818545163868905,-0.010883284848733453,False,0.0,417,20.0,100k,-235.87140287769788,-293.2688848920863,-261.83213429256597,0,377,7,0.9040767386091128,0.8218974292052722,292.61396882494006,234.51552757793766,261.83213429256597,17.81025707947278,1.6754400467233072e-69
random_no_feedback,13,0.9,7,0.2,0.353013277053833,0.8705035971223022,2,dense_top10,1470.1199040767385,saving_target,-0.002012639888089529,-0.009186971851090554,-0.0053228845495032545,0.0,-0.011990407673860911,-0.004796163069544364,2,415,0,0.5,0.8657074340527577,random_no_feedback,0,random_no_feedback:r0.90:m7:c0.20,1406.5539568345323,-0.0005129229949373834,-0.0027640561887198336,False,0.0,417,5.0,100k,-42.78099520383693,-89.46055155875298,-63.565947242206235,0,83,2,0.19904076738609114,0.9567613858802035,88.17895683453236,42.724520383693054,63.565947242206235,4.323861411979646,2.2345941134663974e-12
random_no_feedback,17,0.9,7,0.2,0.36882179975509644,0.8705035971223022,0,dense_top10,1470.1199040767385,saving_target,0.0,-0.0034258307639602604,-0.0013132351261847667,0.0,0.0,0.0,0,417,0,1.0,0.8705035971223022,random_no_feedback,0,random_no_feedback:r0.90:m7:c0.20,1433.3453237410072,2.6645350386357552e-05,-0.0008069906406676078,True,0.0,417,5.0,100k,-26.31648681055156,-48.868465227817744,-36.774580335731414,0,70,0,0.16786570743405277,0.9749853190656401,49.29034772182254,26.28453237410072,36.774580335731414,2.501468093435988,2.124095237632207e-09
random_no_feedback,19,0.9,7,0.2,0.3524777293205261,0.8705035971223022,2,dense_top10,1470.1199040767385,saving_target,-0.0013065262076053497,-0.009016072856000912,-0.004721936736325226,0.0,-0.011990407673860911,-0.004796163069544364,2,415,0,0.5,0.8657074340527577,random_no_feedback,0,random_no_feedback:r0.90:m7:c0.20,1411.0887290167866,-0.0005129229949373834,-0.0021640265981771587,False,0.0,417,5.0,100k,-41.78417266187051,-80.00131894484412,-59.03117505995204,0,80,2,0.19184652278177458,0.959846013310714,81.20659472422062,42.026438848920876,59.03117505995204,4.015398668928604,9.266683250217722e-12
random_no_feedback,13,0.8,8,0.5,0.29120445251464844,0.8705035971223022,4,dense_top10,1470.1199040767385,saving_target,-0.007988609112709839,-0.019447370674888657,-0.013392143428114652,-0.002398081534772182,-0.019184652278177457,-0.009592326139088728,4,413,0,0.125,0.8609112709832134,random_no_feedback,0,random_no_feedback:r0.80:m8:c0.50,1336.820143884892,-0.0009858779642952305,-0.006868546681547553,False,0.0,417,10.0,100k,-110.58309352517988,-158.6025179856115,-133.29976019184653,0,204,4,0.4892086330935252,0.9093272869633303,160.96157074340522,111.43315347721824,133.29976019184653,9.067271303666969,1.4921278833139134e-41
random_no_feedback,17,0.8,8,0.5,0.30292809009552,0.8705035971223022,5,dense_top10,1470.1199040767385,saving_target,-0.007073198583989956,-0.01802678095618743,-0.012340127897681854,-0.002398081534772182,-0.023980815347721823,-0.011990407673860911,5,412,0,0.0625,0.8585131894484412,random_no_feedback,0,random_no_feedback:r0.80:m8:c0.50,1346.3213429256596,-0.0012523314681588064,-0.006253108650344545,False,0.0,417,10.0,100k,-103.11366906474821,-148.69340527577938,-123.79856115107914,0,202,5,0.4844124700239808,0.9157901605115492,148.41804556354916,103.8914268585132,123.79856115107914,8.420983948845084,2.567730998244411e-41
random_no_feedback,19,0.8,8,0.5,0.2908981442451477,0.8705035971223022,4,dense_top10,1470.1199040767385,saving_target,-0.009276424098816188,-0.021492936603098468,-0.014891896007003922,-0.002398081534772182,-0.019184652278177457,-0.009592326139088728,4,413,0,0.125,0.8609112709832134,random_no_feedback,0,random_no_feedback:r0.80:m8:c0.50,1331.369304556355,-0.0009858779642952305,-0.008294777305950421,False,0.0,417,10.0,100k,-117.06534772182256,-164.5956834532374,-138.7505995203837,0,221,4,0.5299760191846523,0.9056195354299884,163.6669664268585,117.60929256594724,138.7505995203837,9.438046457001159,1.7439620684122827e-45
random_no_feedback,13,0.8,8,0.8,0.24503621459007263,0.8705035971223022,6,dense_top10,1470.1199040767385,saving_target,-0.013960167811414403,-0.027976568812124503,-0.020683386116901376,-0.004796163069544364,-0.026378896882494004,-0.014388489208633094,6,411,0,0.03125,0.8561151079136691,random_no_feedback,0,random_no_feedback:r0.80:m8:c0.80,1282.7242206235012,-0.0014921396216360245,-0.011408350777565314,False,0.0,417,15.0,100k,-165.11942446043165,-213.28351318944843,-187.3956834532374,0,306,6,0.7338129496402878,0.8725303405976772,214.8056354916067,165.6832134292566,187.3956834532374,12.746965940232279,3.5729304517477467e-62
random_no_feedback,17,0.8,8,0.8,0.25730687379837036,0.8705035971223022,7,dense_top10,1470.1199040767385,saving_target,-0.012125440862416806,-0.02643572744431712,-0.018598733492680406,-0.004796163069544364,-0.03117505995203837,-0.016786570743405275,7,410,0,0.015625,0.8537170263788969,random_no_feedback,0,random_no_feedback:r0.80:m8:c0.80,1286.8561151079136,-0.0017585931254996004,-0.009593353124952528,False,0.0,417,15.0,100k,-160.56588729016786,-208.73663069544364,-183.26378896882494,0,307,7,0.7362110311750599,0.8753409239201357,208.2989808153477,160.73129496402876,183.26378896882494,12.465907607986427,1.813560251456851e-62
random_no_feedback,19,0.8,8,0.8,0.23551645874977112,0.8705035971223022,6,dense_top10,1470.1199040767385,saving_target,-0.014134216399085542,-0.028332132883035266,-0.02067624896947646,-0.004796163069544364,-0.026378896882494004,-0.014388489208633094,6,411,0,0.03125,0.8561151079136691,random_no_feedback,0,random_no_feedback:r0.80:m8:c0.80,1266.6019184652278,-0.0014921396216360245,-0.011595291390249424,False,0.0,417,15.0,100k,-181.69778177458033,-229.63860911270982,-203.5179856115108,0,333,6,0.7985611510791367,0.8615636826308234,230.436690647482,180.81402877697843,203.5179856115108,13.843631736917661,9.807353503699974e-66
random_no_feedback,13,0.88,5,0.9,0.22009716928005219,0.8705035971223022,7,dense_top10,1470.1199040767385,saving_target,-0.012722757903544315,-0.02630496379131953,-0.019296974720566882,-0.004796163069544364,-0.028836930455635387,-0.016786570743405275,7,410,0,0.015625,0.8537170263788969,random_no_feedback,0,random_no_feedback:r0.88:m5:c0.90,1230.2470023980816,-0.0017918998134825474,-0.010370141519891084,False,0.0,417,20.0,100k,-213.08393285371702,-269.7727817745803,-239.8729016786571,0,350,7,0.8393285371702638,0.8368344643090174,270.565107913669,211.49700239808155,239.8729016786571,16.316553569098257,1.3907463338131754e-67
random_no_feedback,17,0.88,5,0.9,0.23607859015464783,0.8705035971223022,7,dense_top10,1470.1199040767385,saving_target,-0.011388163278900703,-0.025015629532498793,-0.01755014707445866,-0.004796163069544364,-0.03117505995203837,-0.016786570743405275,7,410,0,0.015625,0.8537170263788969,random_no_feedback,0,random_no_feedback:r0.88:m5:c0.90,1230.9616306954435,-0.0017918998134825474,-0.009095802182117202,False,0.0,417,20.0,100k,-212.07020383693052,-270.01091127098323,-239.15827338129498,0,353,7,0.8465227817745803,0.8373205663578233,268.76810551558754,211.5494604316547,239.15827338129498,16.267943364217675,7.558870383604335e-68
random_no_feedback,19,0.88,5,0.9,0.20823700726032257,0.8705035971223022,6,dense_top10,1470.1199040767385,saving_target,-0.012984591763818384,-0.027150900752752033,-0.019696654976362245,-0.004796163069544364,-0.026378896882494004,-0.014388489208633094,6,411,0,0.03125,0.8561151079136691,random_no_feedback,0,random_no_feedback:r0.88:m5:c0.90,1216.673860911271,-0.0015254463096189715,-0.010448518910902274,False,0.0,417,20.0,100k,-227.11151079136692,-282.40749400479615,-253.44604316546761,0,371,6,0.8896882494004796,0.8276017878115621,283.63153477218225,226.9664268585132,253.44604316546761,17.239821218843787,4.1684520774327724e-69
dense_budget_only,13,0.98,8,1.0,-inf,0.8705035971223022,4,dense_top10,1470.1199040767385,saving_target,-0.0075552739253588914,-0.01967519703449063,-0.013238185388396254,-0.002398081534772182,-0.019184652278177457,-0.009592326139088728,4,413,0,0.125,0.8609112709832134,dense_budget_only,0,dense_budget_only:r0.98:m8:c1.00,1322.4028776978416,-0.0009592326139088729,-0.006716065720056895,False,0.0,417,5.0,100k,-129.36139088729018,-171.95851318944844,-147.7170263788969,0,413,4,0.9904076738609112,0.8995204228109096,170.6438848920863,129.59502398081537,147.7170263788969,10.04795771890904,2.273443105487499e-70
dense_budget_only,17,0.98,8,1.0,-inf,0.8705035971223022,4,dense_top10,1470.1199040767385,saving_target,-0.007772516238390093,-0.019557443014091482,-0.013238185388396254,-0.002398081534772182,-0.019184652278177457,-0.009592326139088728,4,413,0,0.125,0.8609112709832134,dense_budget_only,0,dense_budget_only:r0.98:m8:c1.00,1322.4028776978416,-0.0009592326139088729,-0.006716065720056895,False,0.0,417,5.0,100k,-128.59736211031176,-170.28663069544362,-147.7170263788969,0,413,4,0.9904076738609112,0.8995204228109096,170.45629496402879,129.71720623501201,147.7170263788969,10.04795771890904,2.273443105487499e-70
dense_budget_only,19,0.98,8,1.0,-inf,0.8705035971223022,4,dense_top10,1470.1199040767385,saving_target,-0.007559896589371293,-0.019729243363034603,-0.013238185388396254,-0.002398081534772182,-0.019184652278177457,-0.009592326139088728,4,413,0,0.125,0.8609112709832134,dense_budget_only,0,dense_budget_only:r0.98:m8:c1.00,1322.4028776978416,-0.0009592326139088729,-0.006716065720056895,False,0.0,417,5.0,100k,-129.61810551558753,-171.11067146282974,-147.7170263788969,0,413,4,0.9904076738609112,0.8995204228109096,171.1585731414868,129.25305755395684,147.7170263788969,10.04795771890904,2.273443105487499e-70
dense_budget_only,13,0.98,8,1.0,-inf,0.8705035971223022,4,dense_top10,1470.1199040767385,saving_target,-0.007543721740028488,-0.019474400961392403,-0.013238185388396254,-0.002398081534772182,-0.019184652278177457,-0.009592326139088728,4,413,0,0.125,0.8609112709832134,dense_budget_only,0,dense_budget_only:r0.98:m8:c1.00,1322.4028776978416,-0.0009592326139088729,-0.006716065720056895,False,0.0,417,10.0,100k,-129.65809352517985,-169.95419664268582,-147.7170263788969,0,413,4,0.9904076738609112,0.8995204228109096,170.84502398081534,129.35695443645082,147.7170263788969,10.04795771890904,2.273443105487499e-70
dense_budget_only,17,0.98,8,1.0,-inf,0.8705035971223022,4,dense_top10,1470.1199040767385,saving_target,-0.007559080142961316,-0.01970914420128325,-0.013238185388396254,-0.002398081534772182,-0.019184652278177457,-0.009592326139088728,4,413,0,0.125,0.8609112709832134,dense_budget_only,0,dense_budget_only:r0.98:m8:c1.00,1322.4028776978416,-0.0009592326139088729,-0.006716065720056895,False,0.0,417,10.0,100k,-129.778896882494,-169.45575539568344,-147.7170263788969,0,413,4,0.9904076738609112,0.8995204228109096,171.12494004796164,129.54424460431653,147.7170263788969,10.04795771890904,2.273443105487499e-70
dense_budget_only,19,0.98,8,1.0,-inf,0.8705035971223022,4,dense_top10,1470.1199040767385,saving_target,-0.007254322866531376,-0.01979746640066659,-0.013238185388396254,-0.002398081534772182,-0.019184652278177457,-0.009592326139088728,4,413,0,0.125,0.8609112709832134,dense_budget_only,0,dense_budget_only:r0.98:m8:c1.00,1322.4028776978416,-0.0009592326139088729,-0.006716065720056895,False,0.0,417,10.0,100k,-128.62505995203838,-170.43081534772182,-147.7170263788969,0,413,4,0.9904076738609112,0.8995204228109096,171.07823741007186,128.98764988009592,147.7170263788969,10.04795771890904,2.273443105487499e-70
dense_budget_only,13,0.95,8,1.0,-inf,0.8705035971223022,5,dense_top10,1470.1199040767385,saving_target,-0.009010798116246518,-0.022199891564580847,-0.01510669058423958,-0.002398081534772182,-0.023980815347721823,-0.011990407673860911,5,412,0,0.0625,0.8585131894484412,dense_budget_only,0,dense_budget_only:r0.95:m8:c1.00,1288.9088729016787,-0.0012256861177724488,-0.007768045140273443,False,0.0,417,15.0,100k,-160.9269784172662,-204.70377697841724,-181.21103117505996,0,412,5,0.988009592326139,0.8767372438992562,204.7734412470024,162.20185851318945,181.21103117505996,12.326275610074378,2.2730530559817892e-70
dense_budget_only,17,0.95,8,1.0,-inf,0.8705035971223022,5,dense_top10,1470.1199040767385,saving_target,-0.009343910936335286,-0.022529583438787113,-0.01510669058423958,-0.002398081534772182,-0.023980815347721823,-0.011990407673860911,5,412,0,0.0625,0.8585131894484412,dense_budget_only,0,dense_budget_only:r0.95:m8:c1.00,1288.9088729016787,-0.0012256861177724488,-0.007768045140273443,False,0.0,417,15.0,100k,-161.59154676258993,-204.38045563549161,-181.21103117505996,0,412,5,0.988009592326139,0.8767372438992562,207.07619904076736,160.4625299760192,181.21103117505996,12.326275610074378,2.2730530559817892e-70
dense_budget_only,19,0.95,8,1.0,-inf,0.8705035971223022,5,dense_top10,1470.1199040767385,saving_target,-0.00921503784433269,-0.022108942976981304,-0.01510669058423958,-0.002398081534772182,-0.023980815347721823,-0.011990407673860911,5,412,0,0.0625,0.8585131894484412,dense_budget_only,0,dense_budget_only:r0.95:m8:c1.00,1288.9088729016787,-0.0012256861177724488,-0.007768045140273443,False,0.0,417,15.0,100k,-162.27212230215827,-204.3670263788969,-181.21103117505996,0,412,5,0.988009592326139,0.8767372438992562,205.03465227817745,160.77338129496403,181.21103117505996,12.326275610074378,2.2730530559817892e-70
dense_budget_only,13,0.75,8,1.0,-inf,0.8705035971223022,8,dense_top10,1470.1199040767385,saving_target,-0.01881924752032976,-0.03486502028411603,-0.026404999302543336,-0.007194244604316547,-0.03357314148681055,-0.019184652278177457,8,409,0,0.0078125,0.8513189448441247,dense_budget_only,0,dense_budget_only:r0.75:m8:c1.00,1207.1870503597122,-0.002025046629363176,-0.013942856960381722,False,0.0,417,20.0,100k,-240.128896882494,-289.51049160671465,-262.9328537170264,0,409,8,0.9808153477218226,0.8211487015529166,290.0630095923261,241.33764988009594,262.9328537170264,17.885129844708338,2.2751586353878025e-70
dense_budget_only,17,0.75,8,1.0,-inf,0.8705035971223022,8,dense_top10,1470.1199040767385,saving_target,-0.018397175452651765,-0.034852569653487535,-0.026404999302543336,-0.007194244604316547,-0.03357314148681055,-0.019184652278177457,8,409,0,0.0078125,0.8513189448441247,dense_budget_only,0,dense_budget_only:r0.75:m8:c1.00,1207.1870503597122,-0.002025046629363176,-0.013942856960381722,False,0.0,417,20.0,100k,-241.12667865707434,-289.3603117505995,-262.9328537170264,0,409,8,0.9808153477218226,0.8211487015529166,287.3718225419664,240.15575539568346,262.9328537170264,17.885129844708338,2.2751586353878025e-70
dense_budget_only,19,0.75,8,1.0,-inf,0.8705035971223022,8,dense_top10,1470.1199040767385,saving_target,-0.01814337110696575,-0.035089108889034465,-0.026404999302543336,-0.007194244604316547,-0.03357314148681055,-0.019184652278177457,8,409,0,0.0078125,0.8513189448441247,dense_budget_only,0,dense_budget_only:r0.75:m8:c1.00,1207.1870503597122,-0.002025046629363176,-0.013942856960381722,False,0.0,417,20.0,100k,-240.72655875299762,-288.31654676258995,-262.9328537170264,0,409,8,0.9808153477218226,0.8211487015529166,289.2041966426858,238.9779376498801,262.9328537170264,17.885129844708338,2.2751586353878025e-70
