blocks,ci_high,ci_low,comparison,condition,dataset,delta,metric,seed
48,0.0625,-0.1875,cluster_equal_noisy_minus_cluster_cold_no_feedback,nearby,lotte_science_search_100k,-0.0625,hit_at_10,13
48,0.00279513888888864,-0.1625,cluster_equal_noisy_minus_cluster_cold_no_feedback,nearby,lotte_science_search_100k,-0.07152777777777777,evidence_recall_at_10,13
48,0.041666666666666664,-0.1875,cluster_equal_noisy_minus_cluster_cold_no_feedback,nearby,lotte_science_search_100k,-0.07291666666666667,mrr_at_10,13
48,0.0093845867894738,-0.1637999237760048,cluster_equal_noisy_minus_cluster_cold_no_feedback,nearby,lotte_science_search_100k,-0.0718541716235054,ndcg_at_10,13
48,0.0625,-0.1875,cluster_equal_noisy_minus_cluster_cold_no_feedback,nearby,lotte_science_search_100k,-0.0625,selected_cluster_hit,13
48,0.0625,-0.1875,cluster_equal_noisy_minus_cluster_cold_no_feedback,nearby,lotte_science_search_100k,-0.0625,route_true_reward,13
48,0.7083333333333334,0.4166666666666667,cluster_trust_weighted_minus_cluster_cold_no_feedback,nearby,lotte_science_search_100k,0.5625,hit_at_10,13
48,0.5895833333333332,0.32776909722222225,cluster_trust_weighted_minus_cluster_cold_no_feedback,nearby,lotte_science_search_100k,0.4614583333333333,evidence_recall_at_10,13
48,0.6280505952380941,0.3333333333333333,cluster_trust_weighted_minus_cluster_cold_no_feedback,nearby,lotte_science_search_100k,0.48214285714285715,mrr_at_10,13
48,0.5575965035190225,0.3054809491544072,cluster_trust_weighted_minus_cluster_cold_no_feedback,nearby,lotte_science_search_100k,0.43246948928272505,ndcg_at_10,13
48,0.75,0.4375,cluster_trust_weighted_minus_cluster_cold_no_feedback,nearby,lotte_science_search_100k,0.6041666666666666,selected_cluster_hit,13
48,0.75,0.4583333333333333,cluster_trust_weighted_minus_cluster_cold_no_feedback,nearby,lotte_science_search_100k,0.6041666666666666,route_true_reward,13
48,0.75,0.4791666666666667,cluster_trust_weighted_minus_cluster_equal_noisy,nearby,lotte_science_search_100k,0.625,hit_at_10,13
48,0.6559027777777777,0.40832465277777774,cluster_trust_weighted_minus_cluster_equal_noisy,nearby,lotte_science_search_100k,0.5329861111111112,evidence_recall_at_10,13
48,0.6801339285714274,0.42552083333333335,cluster_trust_weighted_minus_cluster_equal_noisy,nearby,lotte_science_search_100k,0.5550595238095238,mrr_at_10,13
48,0.6232736694252019,0.38077547267181444,cluster_trust_weighted_minus_cluster_equal_noisy,nearby,lotte_science_search_100k,0.5043236609062305,ndcg_at_10,13
48,0.7916666666666666,0.5208333333333334,cluster_trust_weighted_minus_cluster_equal_noisy,nearby,lotte_science_search_100k,0.6666666666666666,selected_cluster_hit,13
48,0.7916666666666666,0.5208333333333334,cluster_trust_weighted_minus_cluster_equal_noisy,nearby,lotte_science_search_100k,0.6666666666666666,route_true_reward,13
48,0.020833333333333332,-0.14583333333333334,cluster_trust_weighted_minus_cluster_static_nearest,nearby,lotte_science_search_100k,-0.0625,hit_at_10,13
48,0.060763888888888895,-0.12361111111111112,cluster_trust_weighted_minus_cluster_static_nearest,nearby,lotte_science_search_100k,-0.028124999999999997,evidence_recall_at_10,13
48,0.028645833333333332,-0.125,cluster_trust_weighted_minus_cluster_static_nearest,nearby,lotte_science_search_100k,-0.044270833333333336,mrr_at_10,13
48,0.06348113838598589,-0.09557802583216066,cluster_trust_weighted_minus_cluster_static_nearest,nearby,lotte_science_search_100k,-0.016159709602204683,ndcg_at_10,13
48,0.020833333333333332,-0.1875,cluster_trust_weighted_minus_cluster_static_nearest,nearby,lotte_science_search_100k,-0.08333333333333333,selected_cluster_hit,13
48,0.0,-0.1875,cluster_trust_weighted_minus_cluster_static_nearest,nearby,lotte_science_search_100k,-0.08333333333333333,route_true_reward,13
48,0.7083333333333334,0.4166666666666667,cluster_oracle_minus_cluster_cold_no_feedback,nearby,lotte_science_search_100k,0.5625,hit_at_10,13
48,0.5895833333333332,0.32776909722222225,cluster_oracle_minus_cluster_cold_no_feedback,nearby,lotte_science_search_100k,0.4614583333333333,evidence_recall_at_10,13
48,0.6280505952380941,0.3333333333333333,cluster_oracle_minus_cluster_cold_no_feedback,nearby,lotte_science_search_100k,0.48214285714285715,mrr_at_10,13
48,0.5575965035190225,0.3054809491544072,cluster_oracle_minus_cluster_cold_no_feedback,nearby,lotte_science_search_100k,0.43246948928272505,ndcg_at_10,13
48,0.75,0.4375,cluster_oracle_minus_cluster_cold_no_feedback,nearby,lotte_science_search_100k,0.6041666666666666,selected_cluster_hit,13
48,0.75,0.4583333333333333,cluster_oracle_minus_cluster_cold_no_feedback,nearby,lotte_science_search_100k,0.6041666666666666,route_true_reward,13
40,0.07500000000000001,-0.15,cluster_equal_noisy_minus_cluster_cold_no_feedback,repeated,lotte_science_search_100k,-0.04583333333333333,hit_at_10,13
40,0.06007812499999987,-0.0892361111111111,cluster_equal_noisy_minus_cluster_cold_no_feedback,repeated,lotte_science_search_100k,-0.02006944444444444,evidence_recall_at_10,13
40,0.018753472222222182,-0.1520833333333333,cluster_equal_noisy_minus_cluster_cold_no_feedback,repeated,lotte_science_search_100k,-0.0711111111111111,mrr_at_10,13
40,0.024281407144861863,-0.10059797700393917,cluster_equal_noisy_minus_cluster_cold_no_feedback,repeated,lotte_science_search_100k,-0.040393923282957815,ndcg_at_10,13
40,0.075,-0.15,cluster_equal_noisy_minus_cluster_cold_no_feedback,repeated,lotte_science_search_100k,-0.04583333333333333,selected_cluster_hit,13
40,0.075,-0.15010416666666662,cluster_equal_noisy_minus_cluster_cold_no_feedback,repeated,lotte_science_search_100k,-0.04583333333333333,route_true_reward,13
40,0.6416666666666666,0.3625,cluster_trust_weighted_minus_cluster_cold_no_feedback,repeated,lotte_science_search_100k,0.5041666666666667,hit_at_10,13
40,0.5376388888888888,0.28971874999999997,cluster_trust_weighted_minus_cluster_cold_no_feedback,repeated,lotte_science_search_100k,0.41263888888888883,evidence_recall_at_10,13
40,0.5876785714285713,0.31634424603174605,cluster_trust_weighted_minus_cluster_cold_no_feedback,repeated,lotte_science_search_100k,0.4524553571428571,mrr_at_10,13
40,0.5243601887290434,0.2826224417156422,cluster_trust_weighted_minus_cluster_cold_no_feedback,repeated,lotte_science_search_100k,0.40357836395445335,ndcg_at_10,13
40,0.6541666666666666,0.3833333333333333,cluster_trust_weighted_minus_cluster_cold_no_feedback,repeated,lotte_science_search_100k,0.5208333333333333,selected_cluster_hit,13
40,0.6416666666666666,0.3625,cluster_trust_weighted_minus_cluster_cold_no_feedback,repeated,lotte_science_search_100k,0.5041666666666667,route_true_reward,13
40,0.7083333333333333,0.375,cluster_trust_weighted_minus_cluster_equal_noisy,repeated,lotte_science_search_100k,0.55,hit_at_10,13
40,0.5637656249999997,0.28977083333333337,cluster_trust_weighted_minus_cluster_equal_noisy,repeated,lotte_science_search_100k,0.43270833333333325,evidence_recall_at_10,13
40,0.6529170386904762,0.38582254464285715,cluster_trust_weighted_minus_cluster_equal_noisy,repeated,lotte_science_search_100k,0.5235664682539682,mrr_at_10,13
40,0.5685360439980144,0.3161332023456526,cluster_trust_weighted_minus_cluster_equal_noisy,repeated,lotte_science_search_100k,0.44397228723741106,ndcg_at_10,13
40,0.7166666666666666,0.39999999999999997,cluster_trust_weighted_minus_cluster_equal_noisy,repeated,lotte_science_search_100k,0.5666666666666667,selected_cluster_hit,13
40,0.7,0.375,cluster_trust_weighted_minus_cluster_equal_noisy,repeated,lotte_science_search_100k,0.55,route_true_reward,13
40,-0.20833333333333334,-0.4333333333333334,cluster_trust_weighted_minus_cluster_static_nearest,repeated,lotte_science_search_100k,-0.3166666666666667,hit_at_10,13
40,-0.18875000000000003,-0.39253125000000005,cluster_trust_weighted_minus_cluster_static_nearest,repeated,lotte_science_search_100k,-0.2866666666666667,evidence_recall_at_10,13
40,-0.13601190476190478,-0.3270442708333333,cluster_trust_weighted_minus_cluster_static_nearest,repeated,lotte_science_search_100k,-0.22725694444444447,mrr_at_10,13
40,-0.15439445839284271,-0.30930450380129715,cluster_trust_weighted_minus_cluster_static_nearest,repeated,lotte_science_search_100k,-0.2282024032882247,ndcg_at_10,13
40,-0.2166666666666667,-0.4416666666666667,cluster_trust_weighted_minus_cluster_static_nearest,repeated,lotte_science_search_100k,-0.325,selected_cluster_hit,13
40,-0.2,-0.4416666666666667,cluster_trust_weighted_minus_cluster_static_nearest,repeated,lotte_science_search_100k,-0.3166666666666667,route_true_reward,13
40,0.7041666666666667,0.4166666666666667,cluster_oracle_minus_cluster_cold_no_feedback,repeated,lotte_science_search_100k,0.5625,hit_at_10,13
40,0.6023715277777776,0.3444409722222222,cluster_oracle_minus_cluster_cold_no_feedback,repeated,lotte_science_search_100k,0.47430555555555554,evidence_recall_at_10,13
40,0.6500117807539681,0.36884114583333333,cluster_oracle_minus_cluster_cold_no_feedback,repeated,lotte_science_search_100k,0.5105902777777778,mrr_at_10,13
40,0.5890696545868285,0.3364730434920923,cluster_oracle_minus_cluster_cold_no_feedback,repeated,lotte_science_search_100k,0.4642844929219029,ndcg_at_10,13
40,0.7083333333333334,0.425,cluster_oracle_minus_cluster_cold_no_feedback,repeated,lotte_science_search_100k,0.5708333333333333,selected_cluster_hit,13
40,0.7,0.41666666666666663,cluster_oracle_minus_cluster_cold_no_feedback,repeated,lotte_science_search_100k,0.5625,route_true_reward,13
64,0.171875,-0.046875,cluster_equal_noisy_minus_cluster_cold_no_feedback,unseen,lotte_science_search_100k,0.0625,hit_at_10,13
64,0.08854166666666666,-0.043229166666666666,cluster_equal_noisy_minus_cluster_cold_no_feedback,unseen,lotte_science_search_100k,0.022916666666666665,evidence_recall_at_10,13
64,0.12369791666666666,-0.05338541666666667,cluster_equal_noisy_minus_cluster_cold_no_feedback,unseen,lotte_science_search_100k,0.035807291666666664,mrr_at_10,13
64,0.08654688047965176,-0.03853452343106791,cluster_equal_noisy_minus_cluster_cold_no_feedback,unseen,lotte_science_search_100k,0.022843339668643665,ndcg_at_10,13
64,0.1875,-0.03125,cluster_equal_noisy_minus_cluster_cold_no_feedback,unseen,lotte_science_search_100k,0.078125,selected_cluster_hit,13
64,0.171875,-0.03125,cluster_equal_noisy_minus_cluster_cold_no_feedback,unseen,lotte_science_search_100k,0.0625,route_true_reward,13
64,0.421875,0.171875,cluster_trust_weighted_minus_cluster_cold_no_feedback,unseen,lotte_science_search_100k,0.296875,hit_at_10,13
64,0.2356808035714285,0.08080171130952381,cluster_trust_weighted_minus_cluster_cold_no_feedback,unseen,lotte_science_search_100k,0.15688244047619046,evidence_recall_at_10,13
64,0.3741319444444444,0.1484375,cluster_trust_weighted_minus_cluster_cold_no_feedback,unseen,lotte_science_search_100k,0.2569444444444444,mrr_at_10,13
64,0.25225487837631716,0.09045963440507271,cluster_trust_weighted_minus_cluster_cold_no_feedback,unseen,lotte_science_search_100k,0.169925523640359,ndcg_at_10,13
64,0.4375,0.1875,cluster_trust_weighted_minus_cluster_cold_no_feedback,unseen,lotte_science_search_100k,0.3125,selected_cluster_hit,13
64,0.4375,0.1875,cluster_trust_weighted_minus_cluster_cold_no_feedback,unseen,lotte_science_search_100k,0.3125,route_true_reward,13
64,0.359375,0.12460937500000013,cluster_trust_weighted_minus_cluster_equal_noisy,unseen,lotte_science_search_100k,0.234375,hit_at_10,13
64,0.2180812872023809,0.053049665178571424,cluster_trust_weighted_minus_cluster_equal_noisy,unseen,lotte_science_search_100k,0.1339657738095238,evidence_recall_at_10,13
64,0.3385416666666667,0.109375,cluster_trust_weighted_minus_cluster_equal_noisy,unseen,lotte_science_search_100k,0.2211371527777778,mrr_at_10,13
64,0.2315838686034115,0.06679756451845435,cluster_trust_weighted_minus_cluster_equal_noisy,unseen,lotte_science_search_100k,0.14708218397171535,ndcg_at_10,13
64,0.359375,0.109375,cluster_trust_weighted_minus_cluster_equal_noisy,unseen,lotte_science_search_100k,0.234375,selected_cluster_hit,13
64,0.375,0.125,cluster_trust_weighted_minus_cluster_equal_noisy,unseen,lotte_science_search_100k,0.25,route_true_reward,13
64,-0.21875,-0.546875,cluster_trust_weighted_minus_cluster_static_nearest,unseen,lotte_science_search_100k,-0.390625,hit_at_10,13
64,-0.19605003720238104,-0.4661160714285715,cluster_trust_weighted_minus_cluster_static_nearest,unseen,lotte_science_search_100k,-0.33225446428571426,evidence_recall_at_10,13
64,-0.18081597222222223,-0.46336805555555555,cluster_trust_weighted_minus_cluster_static_nearest,unseen,lotte_science_search_100k,-0.32339409722222223,mrr_at_10,13
64,-0.180653146652676,-0.42176337555505694,cluster_trust_weighted_minus_cluster_static_nearest,unseen,lotte_science_search_100k,-0.3019234962378261,ndcg_at_10,13
64,-0.296875,-0.609375,cluster_trust_weighted_minus_cluster_static_nearest,unseen,lotte_science_search_100k,-0.453125,selected_cluster_hit,13
64,-0.265625,-0.609375,cluster_trust_weighted_minus_cluster_static_nearest,unseen,lotte_science_search_100k,-0.4375,route_true_reward,13
64,0.4375,0.1875,cluster_oracle_minus_cluster_cold_no_feedback,unseen,lotte_science_search_100k,0.3125,hit_at_10,13
64,0.25070870535714285,0.0872265625,cluster_oracle_minus_cluster_cold_no_feedback,unseen,lotte_science_search_100k,0.16788194444444443,evidence_recall_at_10,13
64,0.36199001736111097,0.14583333333333331,cluster_oracle_minus_cluster_cold_no_feedback,unseen,lotte_science_search_100k,0.2504340277777778,mrr_at_10,13
64,0.2557787515632259,0.09095845596480652,cluster_oracle_minus_cluster_cold_no_feedback,unseen,lotte_science_search_100k,0.1716803189883513,ndcg_at_10,13
64,0.453125,0.203125,cluster_oracle_minus_cluster_cold_no_feedback,unseen,lotte_science_search_100k,0.328125,selected_cluster_hit,13
64,0.453125,0.203125,cluster_oracle_minus_cluster_cold_no_feedback,unseen,lotte_science_search_100k,0.328125,route_true_reward,13
48,0.625,0.2916666666666667,cluster_equal_noisy_minus_cluster_cold_no_feedback,nearby,lotte_science_search_100k,0.4583333333333333,hit_at_10,17
48,0.5256944444444445,0.23888020833333337,cluster_equal_noisy_minus_cluster_cold_no_feedback,nearby,lotte_science_search_100k,0.3815972222222222,evidence_recall_at_10,17
48,0.5494791666666666,0.262109375,cluster_equal_noisy_minus_cluster_cold_no_feedback,nearby,lotte_science_search_100k,0.40434027777777776,mrr_at_10,17
48,0.47910482831212303,0.2350262847417344,cluster_equal_noisy_minus_cluster_cold_no_feedback,nearby,lotte_science_search_100k,0.3582400602714833,ndcg_at_10,17
48,0.6666666666666666,0.3333333333333333,cluster_equal_noisy_minus_cluster_cold_no_feedback,nearby,lotte_science_search_100k,0.5,selected_cluster_hit,17
48,0.6458333333333334,0.3333333333333333,cluster_equal_noisy_minus_cluster_cold_no_feedback,nearby,lotte_science_search_100k,0.5,route_true_reward,17
48,0.625,0.2916666666666667,cluster_trust_weighted_minus_cluster_cold_no_feedback,nearby,lotte_science_search_100k,0.4583333333333333,hit_at_10,17
48,0.5208506944444442,0.23090277777777776,cluster_trust_weighted_minus_cluster_cold_no_feedback,nearby,lotte_science_search_100k,0.3746527777777778,evidence_recall_at_10,17
48,0.560286458333333,0.2503720238095238,cluster_trust_weighted_minus_cluster_cold_no_feedback,nearby,lotte_science_search_100k,0.4066220238095238,mrr_at_10,17
48,0.48373286053363057,0.22594649560993868,cluster_trust_weighted_minus_cluster_cold_no_feedback,nearby,lotte_science_search_100k,0.3560354386893567,ndcg_at_10,17
48,0.6666666666666666,0.3333333333333333,cluster_trust_weighted_minus_cluster_cold_no_feedback,nearby,lotte_science_search_100k,0.5,selected_cluster_hit,17
48,0.6666666666666666,0.3333333333333333,cluster_trust_weighted_minus_cluster_cold_no_feedback,nearby,lotte_science_search_100k,0.5,route_true_reward,17
48,0.08333333333333333,-0.08333333333333333,cluster_trust_weighted_minus_cluster_equal_noisy,nearby,lotte_science_search_100k,0.0,hit_at_10,17
48,0.06597222222222222,-0.07291666666666667,cluster_trust_weighted_minus_cluster_equal_noisy,nearby,lotte_science_search_100k,-0.006944444444444443,evidence_recall_at_10,17
48,0.08680555555555554,-0.08333333333333333,cluster_trust_weighted_minus_cluster_equal_noisy,nearby,lotte_science_search_100k,0.002281746031746032,mrr_at_10,17
48,0.07004839607665418,-0.07174163514916417,cluster_trust_weighted_minus_cluster_equal_noisy,nearby,lotte_science_search_100k,-0.002204621582126558,ndcg_at_10,17
48,0.08333333333333333,-0.08333333333333333,cluster_trust_weighted_minus_cluster_equal_noisy,nearby,lotte_science_search_100k,0.0,selected_cluster_hit,17
48,0.08333333333333333,-0.08333333333333333,cluster_trust_weighted_minus_cluster_equal_noisy,nearby,lotte_science_search_100k,0.0,route_true_reward,17
48,-0.041666666666666664,-0.2916666666666667,cluster_trust_weighted_minus_cluster_static_nearest,nearby,lotte_science_search_100k,-0.16666666666666666,hit_at_10,17
48,-0.03262152777777802,-0.235078125,cluster_trust_weighted_minus_cluster_static_nearest,nearby,lotte_science_search_100k,-0.13159722222222223,evidence_recall_at_10,17
48,-0.008028273809523917,-0.23720238095238091,cluster_trust_weighted_minus_cluster_static_nearest,nearby,lotte_science_search_100k,-0.11964285714285715,mrr_at_10,17
48,-0.024658976419293727,-0.20708413156432226,cluster_trust_weighted_minus_cluster_static_nearest,nearby,lotte_science_search_100k,-0.11332810967765755,ndcg_at_10,17
48,-0.041666666666666664,-0.2916666666666667,cluster_trust_weighted_minus_cluster_static_nearest,nearby,lotte_science_search_100k,-0.16666666666666666,selected_cluster_hit,17
48,-0.041666666666666664,-0.2916666666666667,cluster_trust_weighted_minus_cluster_static_nearest,nearby,lotte_science_search_100k,-0.16666666666666666,route_true_reward,17
48,0.625,0.3333333333333333,cluster_oracle_minus_cluster_cold_no_feedback,nearby,lotte_science_search_100k,0.4791666666666667,hit_at_10,17
48,0.5031249999999999,0.23368055555555556,cluster_oracle_minus_cluster_cold_no_feedback,nearby,lotte_science_search_100k,0.36944444444444446,evidence_recall_at_10,17
48,0.5520833333333334,0.27934027777777776,cluster_oracle_minus_cluster_cold_no_feedback,nearby,lotte_science_search_100k,0.4147569444444444,mrr_at_10,17
48,0.46405216050123194,0.2366993260816003,cluster_oracle_minus_cluster_cold_no_feedback,nearby,lotte_science_search_100k,0.3523261928500583,ndcg_at_10,17
48,0.6666666666666666,0.3541666666666667,cluster_oracle_minus_cluster_cold_no_feedback,nearby,lotte_science_search_100k,0.5208333333333334,selected_cluster_hit,17
48,0.6666666666666666,0.375,cluster_oracle_minus_cluster_cold_no_feedback,nearby,lotte_science_search_100k,0.5208333333333334,route_true_reward,17
40,0.75,0.45,cluster_equal_noisy_minus_cluster_cold_no_feedback,repeated,lotte_science_search_100k,0.6041666666666666,hit_at_10,17
40,0.5904270833333333,0.3283333333333333,cluster_equal_noisy_minus_cluster_cold_no_feedback,repeated,lotte_science_search_100k,0.46125,evidence_recall_at_10,17
40,0.645252976190476,0.35088045634920634,cluster_equal_noisy_minus_cluster_cold_no_feedback,repeated,lotte_science_search_100k,0.49603174603174605,mrr_at_10,17
40,0.5771608702238628,0.3090766137847591,cluster_equal_noisy_minus_cluster_cold_no_feedback,repeated,lotte_science_search_100k,0.443102052347386,ndcg_at_10,17
40,0.7583333333333334,0.4666666666666667,cluster_equal_noisy_minus_cluster_cold_no_feedback,repeated,lotte_science_search_100k,0.6166666666666666,selected_cluster_hit,17
40,0.7583333333333334,0.4708333333333334,cluster_equal_noisy_minus_cluster_cold_no_feedback,repeated,lotte_science_search_100k,0.6166666666666666,route_true_reward,17
40,0.725,0.4291666666666667,cluster_trust_weighted_minus_cluster_cold_no_feedback,repeated,lotte_science_search_100k,0.5833333333333334,hit_at_10,17
40,0.590421875,0.3279166666666667,cluster_trust_weighted_minus_cluster_cold_no_feedback,repeated,lotte_science_search_100k,0.46229166666666666,evidence_recall_at_10,17
40,0.6343353174603172,0.34681051587301587,cluster_trust_weighted_minus_cluster_cold_no_feedback,repeated,lotte_science_search_100k,0.48769841269841263,mrr_at_10,17
40,0.5769506721124164,0.3073683128947668,cluster_trust_weighted_minus_cluster_cold_no_feedback,repeated,lotte_science_search_100k,0.4424807016692676,ndcg_at_10,17
40,0.7375,0.4458333333333334,cluster_trust_weighted_minus_cluster_cold_no_feedback,repeated,lotte_science_search_100k,0.5958333333333334,selected_cluster_hit,17
40,0.7375,0.45,cluster_trust_weighted_minus_cluster_cold_no_feedback,repeated,lotte_science_search_100k,0.5958333333333334,route_true_reward,17
40,0.025,-0.08333333333333334,cluster_trust_weighted_minus_cluster_equal_noisy,repeated,lotte_science_search_100k,-0.020833333333333336,hit_at_10,17
40,0.03752604166666629,-0.0375,cluster_trust_weighted_minus_cluster_equal_noisy,repeated,lotte_science_search_100k,0.0010416666666666658,evidence_recall_at_10,17
40,0.03958333333333334,-0.07083333333333333,cluster_trust_weighted_minus_cluster_equal_noisy,repeated,lotte_science_search_100k,-0.008333333333333331,mrr_at_10,17
40,0.03717803698654629,-0.04388444525402041,cluster_trust_weighted_minus_cluster_equal_noisy,repeated,lotte_science_search_100k,-0.0006213506781184014,ndcg_at_10,17
40,0.029166666666666664,-0.08333333333333334,cluster_trust_weighted_minus_cluster_equal_noisy,repeated,lotte_science_search_100k,-0.020833333333333336,selected_cluster_hit,17
40,0.029166666666666664,-0.08333333333333334,cluster_trust_weighted_minus_cluster_equal_noisy,repeated,lotte_science_search_100k,-0.020833333333333336,route_true_reward,17
40,-0.09166666666666667,-0.37083333333333335,cluster_trust_weighted_minus_cluster_static_nearest,repeated,lotte_science_search_100k,-0.22916666666666669,hit_at_10,17
40,-0.07686458333333349,-0.3106302083333334,cluster_trust_weighted_minus_cluster_static_nearest,repeated,lotte_science_search_100k,-0.18979166666666666,evidence_recall_at_10,17
40,-0.034621031746031775,-0.27534895833333334,cluster_trust_weighted_minus_cluster_static_nearest,repeated,lotte_science_search_100k,-0.15225198412698412,mrr_at_10,17
40,-0.04210150090494866,-0.26396648938203665,cluster_trust_weighted_minus_cluster_static_nearest,repeated,lotte_science_search_100k,-0.15164985781401427,ndcg_at_10,17
40,-0.08333333333333334,-0.35833333333333334,cluster_trust_weighted_minus_cluster_static_nearest,repeated,lotte_science_search_100k,-0.2166666666666667,selected_cluster_hit,17
40,-0.08333333333333334,-0.35833333333333334,cluster_trust_weighted_minus_cluster_static_nearest,repeated,lotte_science_search_100k,-0.2166666666666667,route_true_reward,17
40,0.6584374999999986,0.375,cluster_oracle_minus_cluster_cold_no_feedback,repeated,lotte_science_search_100k,0.5208333333333333,hit_at_10,17
40,0.5033333333333333,0.25415625,cluster_oracle_minus_cluster_cold_no_feedback,repeated,lotte_science_search_100k,0.3783333333333333,evidence_recall_at_10,17
40,0.5219370039682538,0.259422123015873,cluster_oracle_minus_cluster_cold_no_feedback,repeated,lotte_science_search_100k,0.3883928571428571,mrr_at_10,17
40,0.4689323929468369,0.22676778611182075,cluster_oracle_minus_cluster_cold_no_feedback,repeated,lotte_science_search_100k,0.34889874008467864,ndcg_at_10,17
40,0.6624999999999999,0.3791666666666666,cluster_oracle_minus_cluster_cold_no_feedback,repeated,lotte_science_search_100k,0.5208333333333333,selected_cluster_hit,17
40,0.6583333333333333,0.37916666666666665,cluster_oracle_minus_cluster_cold_no_feedback,repeated,lotte_science_search_100k,0.5208333333333333,route_true_reward,17
64,0.265625,-0.015625,cluster_equal_noisy_minus_cluster_cold_no_feedback,unseen,lotte_science_search_100k,0.125,hit_at_10,17
64,0.19203869047619046,0.00865792410714286,cluster_equal_noisy_minus_cluster_cold_no_feedback,unseen,lotte_science_search_100k,0.09888392857142857,evidence_recall_at_10,17
64,0.26785714285714285,-0.0037202380952380924,cluster_equal_noisy_minus_cluster_cold_no_feedback,unseen,lotte_science_search_100k,0.1324404761904762,mrr_at_10,17
64,0.2066262437375633,0.01704982678225991,cluster_equal_noisy_minus_cluster_cold_no_feedback,unseen,lotte_science_search_100k,0.10937009306172331,ndcg_at_10,17
64,0.265625,-0.015625,cluster_equal_noisy_minus_cluster_cold_no_feedback,unseen,lotte_science_search_100k,0.125,selected_cluster_hit,17
64,0.265625,-0.015625,cluster_equal_noisy_minus_cluster_cold_no_feedback,unseen,lotte_science_search_100k,0.125,route_true_reward,17
64,0.28125,0.015625,cluster_trust_weighted_minus_cluster_cold_no_feedback,unseen,lotte_science_search_100k,0.15625,hit_at_10,17
64,0.20291294642857127,0.028155691964285724,cluster_trust_weighted_minus_cluster_cold_no_feedback,unseen,lotte_science_search_100k,0.1158110119047619,evidence_recall_at_10,17
64,0.2754520089285713,0.015252976190476192,cluster_trust_weighted_minus_cluster_cold_no_feedback,unseen,lotte_science_search_100k,0.1433779761904762,mrr_at_10,17
64,0.20292665874974067,0.028894958785371207,cluster_trust_weighted_minus_cluster_cold_no_feedback,unseen,lotte_science_search_100k,0.11449846926897678,ndcg_at_10,17
64,0.296875,0.015625,cluster_trust_weighted_minus_cluster_cold_no_feedback,unseen,lotte_science_search_100k,0.15625,selected_cluster_hit,17
64,0.296875,0.015625,cluster_trust_weighted_minus_cluster_cold_no_feedback,unseen,lotte_science_search_100k,0.15625,route_true_reward,17
64,0.140625,-0.078125,cluster_trust_weighted_minus_cluster_equal_noisy,unseen,lotte_science_search_100k,0.03125,hit_at_10,17
64,0.09114583333333331,-0.06119791666666667,cluster_trust_weighted_minus_cluster_equal_noisy,unseen,lotte_science_search_100k,0.01692708333333333,evidence_recall_at_10,17
64,0.109375,-0.0875,cluster_trust_weighted_minus_cluster_equal_noisy,unseen,lotte_science_search_100k,0.010937500000000003,mrr_at_10,17
64,0.07667713829749921,-0.06874419575076524,cluster_trust_weighted_minus_cluster_equal_noisy,unseen,lotte_science_search_100k,0.005128376207253496,ndcg_at_10,17
64,0.140625,-0.078125,cluster_trust_weighted_minus_cluster_equal_noisy,unseen,lotte_science_search_100k,0.03125,selected_cluster_hit,17
64,0.140625,-0.078125,cluster_trust_weighted_minus_cluster_equal_noisy,unseen,lotte_science_search_100k,0.03125,route_true_reward,17
64,-0.296875,-0.578125,cluster_trust_weighted_minus_cluster_static_nearest,unseen,lotte_science_search_100k,-0.4375,hit_at_10,17
64,-0.2546875000000005,-0.47779854910714287,cluster_trust_weighted_minus_cluster_static_nearest,unseen,lotte_science_search_100k,-0.36741071428571426,evidence_recall_at_10,17
64,-0.24047340029761907,-0.49828915550595243,cluster_trust_weighted_minus_cluster_static_nearest,unseen,lotte_science_search_100k,-0.3708147321428571,mrr_at_10,17
64,-0.2361561477897958,-0.4504580495651348,cluster_trust_weighted_minus_cluster_static_nearest,unseen,lotte_science_search_100k,-0.3432325523128211,ndcg_at_10,17
64,-0.390625,-0.640625,cluster_trust_weighted_minus_cluster_static_nearest,unseen,lotte_science_search_100k,-0.515625,selected_cluster_hit,17
64,-0.359375,-0.640625,cluster_trust_weighted_minus_cluster_static_nearest,unseen,lotte_science_search_100k,-0.5,route_true_reward,17
64,0.328125,0.046875,cluster_oracle_minus_cluster_cold_no_feedback,unseen,lotte_science_search_100k,0.1875,hit_at_10,17
64,0.22270461309523792,0.03742280505952381,cluster_oracle_minus_cluster_cold_no_feedback,unseen,lotte_science_search_100k,0.1275297619047619,evidence_recall_at_10,17
64,0.2955961681547616,0.0170991443452381,cluster_oracle_minus_cluster_cold_no_feedback,unseen,lotte_science_search_100k,0.16108630952380953,mrr_at_10,17
64,0.22971806599112007,0.03519768565311977,cluster_oracle_minus_cluster_cold_no_feedback,unseen,lotte_science_search_100k,0.13220867729979813,ndcg_at_10,17
64,0.375,0.078125,cluster_oracle_minus_cluster_cold_no_feedback,unseen,lotte_science_search_100k,0.21875,selected_cluster_hit,17
64,0.359375,0.0625,cluster_oracle_minus_cluster_cold_no_feedback,unseen,lotte_science_search_100k,0.21875,route_true_reward,17
48,0.125,-0.10416666666666667,cluster_equal_noisy_minus_cluster_cold_no_feedback,nearby,lotte_science_search_100k,0.0,hit_at_10,19
48,0.125,-0.06944444444444443,cluster_equal_noisy_minus_cluster_cold_no_feedback,nearby,lotte_science_search_100k,0.025347222222222226,evidence_recall_at_10,19
48,0.0863095238095238,-0.10763888888888888,cluster_equal_noisy_minus_cluster_cold_no_feedback,nearby,lotte_science_search_100k,-0.01091269841269841,mrr_at_10,19
48,0.09863577622871858,-0.08333333333333333,cluster_equal_noisy_minus_cluster_cold_no_feedback,nearby,lotte_science_search_100k,0.008625085564959117,ndcg_at_10,19
48,0.10416666666666667,-0.125,cluster_equal_noisy_minus_cluster_cold_no_feedback,nearby,lotte_science_search_100k,0.0,selected_cluster_hit,19
48,0.125,-0.125,cluster_equal_noisy_minus_cluster_cold_no_feedback,nearby,lotte_science_search_100k,0.0,route_true_reward,19
48,0.08333333333333333,-0.125,cluster_trust_weighted_minus_cluster_cold_no_feedback,nearby,lotte_science_search_100k,-0.020833333333333332,hit_at_10,19
48,0.020138888888888887,-0.10416666666666667,cluster_trust_weighted_minus_cluster_cold_no_feedback,nearby,lotte_science_search_100k,-0.03541666666666667,evidence_recall_at_10,19
48,0.07291666666666667,-0.10772569444444444,cluster_trust_weighted_minus_cluster_cold_no_feedback,nearby,lotte_science_search_100k,-0.017361111111111112,mrr_at_10,19
48,0.025993341001609886,-0.10252294424936136,cluster_trust_weighted_minus_cluster_cold_no_feedback,nearby,lotte_science_search_100k,-0.03216917058695781,ndcg_at_10,19
48,0.08333333333333333,-0.125,cluster_trust_weighted_minus_cluster_cold_no_feedback,nearby,lotte_science_search_100k,-0.020833333333333332,selected_cluster_hit,19
48,0.08333333333333333,-0.125,cluster_trust_weighted_minus_cluster_cold_no_feedback,nearby,lotte_science_search_100k,-0.020833333333333332,route_true_reward,19
48,0.10416666666666667,-0.14583333333333334,cluster_trust_weighted_minus_cluster_equal_noisy,nearby,lotte_science_search_100k,-0.020833333333333332,hit_at_10,19
48,0.008680555555555547,-0.14583333333333334,cluster_trust_weighted_minus_cluster_equal_noisy,nearby,lotte_science_search_100k,-0.060763888888888895,evidence_recall_at_10,19
48,0.08680555555555554,-0.09375,cluster_trust_weighted_minus_cluster_equal_noisy,nearby,lotte_science_search_100k,-0.006448412698412699,mrr_at_10,19
48,0.02417074815982925,-0.11836117834476548,cluster_trust_weighted_minus_cluster_equal_noisy,nearby,lotte_science_search_100k,-0.04079425615191693,ndcg_at_10,19
48,0.10416666666666667,-0.14583333333333334,cluster_trust_weighted_minus_cluster_equal_noisy,nearby,lotte_science_search_100k,-0.020833333333333332,selected_cluster_hit,19
48,0.10416666666666667,-0.14583333333333334,cluster_trust_weighted_minus_cluster_equal_noisy,nearby,lotte_science_search_100k,-0.020833333333333332,route_true_reward,19
48,-0.3958333333333333,-0.6875,cluster_trust_weighted_minus_cluster_static_nearest,nearby,lotte_science_search_100k,-0.5416666666666666,hit_at_10,19
48,-0.3176996527777779,-0.5632118055555555,cluster_trust_weighted_minus_cluster_static_nearest,nearby,lotte_science_search_100k,-0.43993055555555555,evidence_recall_at_10,19
48,-0.3359375,-0.6015625,cluster_trust_weighted_minus_cluster_static_nearest,nearby,lotte_science_search_100k,-0.4685763888888889,mrr_at_10,19
48,-0.2996379234104667,-0.5254627185812408,cluster_trust_weighted_minus_cluster_static_nearest,nearby,lotte_science_search_100k,-0.41279876078758626,ndcg_at_10,19
48,-0.4375,-0.7291666666666666,cluster_trust_weighted_minus_cluster_static_nearest,nearby,lotte_science_search_100k,-0.5833333333333334,selected_cluster_hit,19
48,-0.4583333333333333,-0.7291666666666666,cluster_trust_weighted_minus_cluster_static_nearest,nearby,lotte_science_search_100k,-0.5833333333333334,route_true_reward,19
48,0.5208333333333334,0.20833333333333334,cluster_oracle_minus_cluster_cold_no_feedback,nearby,lotte_science_search_100k,0.375,hit_at_10,19
48,0.38090277777777776,0.15972222222222224,cluster_oracle_minus_cluster_cold_no_feedback,nearby,lotte_science_search_100k,0.2673611111111111,evidence_recall_at_10,19
48,0.4852430555555556,0.1996527777777778,cluster_oracle_minus_cluster_cold_no_feedback,nearby,lotte_science_search_100k,0.33767361111111116,mrr_at_10,19
48,0.3752649247644463,0.15800276257173884,cluster_oracle_minus_cluster_cold_no_feedback,nearby,lotte_science_search_100k,0.26539710387439414,ndcg_at_10,19
48,0.5625,0.22916666666666666,cluster_oracle_minus_cluster_cold_no_feedback,nearby,lotte_science_search_100k,0.3958333333333333,selected_cluster_hit,19
48,0.5208333333333334,0.20833333333333334,cluster_oracle_minus_cluster_cold_no_feedback,nearby,lotte_science_search_100k,0.375,route_true_reward,19
40,0.10416666666666666,-0.13749999999999998,cluster_equal_noisy_minus_cluster_cold_no_feedback,repeated,lotte_science_search_100k,-0.020833333333333336,hit_at_10,19
40,0.06681249999999989,-0.07569444444444443,cluster_equal_noisy_minus_cluster_cold_no_feedback,repeated,lotte_science_search_100k,-0.004444444444444446,evidence_recall_at_10,19
40,0.07375,-0.12666666666666665,cluster_equal_noisy_minus_cluster_cold_no_feedback,repeated,lotte_science_search_100k,-0.024583333333333336,mrr_at_10,19
40,0.0574030392464562,-0.0823197775786093,cluster_equal_noisy_minus_cluster_cold_no_feedback,repeated,lotte_science_search_100k,-0.011657407598812026,ndcg_at_10,19
40,0.125,-0.11666666666666667,cluster_equal_noisy_minus_cluster_cold_no_feedback,repeated,lotte_science_search_100k,0.004166666666666663,selected_cluster_hit,19
40,0.11677083333333182,-0.12083333333333335,cluster_equal_noisy_minus_cluster_cold_no_feedback,repeated,lotte_science_search_100k,-0.00416666666666667,route_true_reward,19
40,0.03333333333333333,-0.12083333333333332,cluster_trust_weighted_minus_cluster_cold_no_feedback,repeated,lotte_science_search_100k,-0.04583333333333332,hit_at_10,19
40,0.013888888888888892,-0.10557291666666666,cluster_trust_weighted_minus_cluster_cold_no_feedback,repeated,lotte_science_search_100k,-0.04513888888888888,evidence_recall_at_10,19
40,-0.005546875000000129,-0.15763888888888888,cluster_trust_weighted_minus_cluster_cold_no_feedback,repeated,lotte_science_search_100k,-0.08159722222222222,mrr_at_10,19
40,-0.00385039920741621,-0.11801969306597146,cluster_trust_weighted_minus_cluster_cold_no_feedback,repeated,lotte_science_search_100k,-0.05962389857684362,ndcg_at_10,19
40,0.06666666666666665,-0.10416666666666666,cluster_trust_weighted_minus_cluster_cold_no_feedback,repeated,lotte_science_search_100k,-0.020833333333333325,selected_cluster_hit,19
40,0.06666666666666668,-0.10416666666666666,cluster_trust_weighted_minus_cluster_cold_no_feedback,repeated,lotte_science_search_100k,-0.020833333333333325,route_true_reward,19
40,0.10833333333333335,-0.14999999999999997,cluster_trust_weighted_minus_cluster_equal_noisy,repeated,lotte_science_search_100k,-0.024999999999999994,hit_at_10,19
40,0.030145833333333236,-0.11041666666666665,cluster_trust_weighted_minus_cluster_equal_noisy,repeated,lotte_science_search_100k,-0.04069444444444444,evidence_recall_at_10,19
40,0.029513888888888885,-0.14416666666666664,cluster_trust_weighted_minus_cluster_equal_noisy,repeated,lotte_science_search_100k,-0.057013888888888885,mrr_at_10,19
40,0.0164239881930247,-0.11204834493617301,cluster_trust_weighted_minus_cluster_equal_noisy,repeated,lotte_science_search_100k,-0.047966490978031615,ndcg_at_10,19
40,0.10416666666666666,-0.15,cluster_trust_weighted_minus_cluster_equal_noisy,repeated,lotte_science_search_100k,-0.024999999999999994,selected_cluster_hit,19
40,0.1125,-0.14583333333333331,cluster_trust_weighted_minus_cluster_equal_noisy,repeated,lotte_science_search_100k,-0.016666666666666656,route_true_reward,19
40,-0.5458333333333334,-0.8333333333333334,cluster_trust_weighted_minus_cluster_static_nearest,repeated,lotte_science_search_100k,-0.6958333333333334,hit_at_10,19
40,-0.4667986111111112,-0.7241666666666665,cluster_trust_weighted_minus_cluster_static_nearest,repeated,lotte_science_search_100k,-0.5986111111111111,evidence_recall_at_10,19
40,-0.44305927579365123,-0.7240997023809523,cluster_trust_weighted_minus_cluster_static_nearest,repeated,lotte_science_search_100k,-0.5864880952380952,mrr_at_10,19
40,-0.4210678375223314,-0.676001505419843,cluster_trust_weighted_minus_cluster_static_nearest,repeated,lotte_science_search_100k,-0.5491625611485093,ndcg_at_10,19
40,-0.5541666666666667,-0.8291666666666666,cluster_trust_weighted_minus_cluster_static_nearest,repeated,lotte_science_search_100k,-0.6958333333333334,selected_cluster_hit,19
40,-0.55,-0.8291666666666668,cluster_trust_weighted_minus_cluster_static_nearest,repeated,lotte_science_search_100k,-0.6958333333333334,route_true_reward,19
40,0.4833333333333334,0.16666666666666669,cluster_oracle_minus_cluster_cold_no_feedback,repeated,lotte_science_search_100k,0.32500000000000007,hit_at_10,19
40,0.36458333333333337,0.11041319444444446,cluster_oracle_minus_cluster_cold_no_feedback,repeated,lotte_science_search_100k,0.23555555555555557,evidence_recall_at_10,19
40,0.4166874999999997,0.12875,cluster_oracle_minus_cluster_cold_no_feedback,repeated,lotte_science_search_100k,0.26958333333333334,mrr_at_10,19
40,0.3671644831164907,0.11537421036984373,cluster_oracle_minus_cluster_cold_no_feedback,repeated,lotte_science_search_100k,0.23585521258918174,ndcg_at_10,19
40,0.4833333333333334,0.18333333333333335,cluster_oracle_minus_cluster_cold_no_feedback,repeated,lotte_science_search_100k,0.33333333333333337,selected_cluster_hit,19
40,0.4875,0.17500000000000002,cluster_oracle_minus_cluster_cold_no_feedback,repeated,lotte_science_search_100k,0.33333333333333337,route_true_reward,19
64,0.25,-0.03125,cluster_equal_noisy_minus_cluster_cold_no_feedback,unseen,lotte_science_search_100k,0.109375,hit_at_10,19
64,0.09219401041666658,-0.05026692708333334,cluster_equal_noisy_minus_cluster_cold_no_feedback,unseen,lotte_science_search_100k,0.023958333333333328,evidence_recall_at_10,19
64,0.197265625,-0.024739583333333336,cluster_equal_noisy_minus_cluster_cold_no_feedback,unseen,lotte_science_search_100k,0.08854166666666666,mrr_at_10,19
64,0.10413068050366744,-0.04009507938085681,cluster_equal_noisy_minus_cluster_cold_no_feedback,unseen,lotte_science_search_100k,0.034594576747523864,ndcg_at_10,19
64,0.25,-0.03125,cluster_equal_noisy_minus_cluster_cold_no_feedback,unseen,lotte_science_search_100k,0.109375,selected_cluster_hit,19
64,0.234375,-0.046875,cluster_equal_noisy_minus_cluster_cold_no_feedback,unseen,lotte_science_search_100k,0.09375,route_true_reward,19
64,0.21875,-0.03125,cluster_trust_weighted_minus_cluster_cold_no_feedback,unseen,lotte_science_search_100k,0.09375,hit_at_10,19
64,0.12891276041666658,-0.02395833333333334,cluster_trust_weighted_minus_cluster_cold_no_feedback,unseen,lotte_science_search_100k,0.05156249999999999,evidence_recall_at_10,19
64,0.1953125,-0.026692708333333336,cluster_trust_weighted_minus_cluster_cold_no_feedback,unseen,lotte_science_search_100k,0.08333333333333333,mrr_at_10,19
64,0.1298879815098379,-0.019954489712377628,cluster_trust_weighted_minus_cluster_cold_no_feedback,unseen,lotte_science_search_100k,0.054117673937791426,ndcg_at_10,19
64,0.25,-0.03125,cluster_trust_weighted_minus_cluster_cold_no_feedback,unseen,lotte_science_search_100k,0.109375,selected_cluster_hit,19
64,0.203125,-0.0625,cluster_trust_weighted_minus_cluster_cold_no_feedback,unseen,lotte_science_search_100k,0.078125,route_true_reward,19
64,0.109375,-0.140625,cluster_trust_weighted_minus_cluster_equal_noisy,unseen,lotte_science_search_100k,-0.015625,hit_at_10,19
64,0.09791666666666667,-0.03645833333333332,cluster_trust_weighted_minus_cluster_equal_noisy,unseen,lotte_science_search_100k,0.027604166666666666,evidence_recall_at_10,19
64,0.10416666666666666,-0.109375,cluster_trust_weighted_minus_cluster_equal_noisy,unseen,lotte_science_search_100k,-0.005208333333333332,mrr_at_10,19
64,0.0940993537989842,-0.04957100730310459,cluster_trust_weighted_minus_cluster_equal_noisy,unseen,lotte_science_search_100k,0.019523097190267562,ndcg_at_10,19
64,0.125,-0.125,cluster_trust_weighted_minus_cluster_equal_noisy,unseen,lotte_science_search_100k,0.0,selected_cluster_hit,19
64,0.09375,-0.140625,cluster_trust_weighted_minus_cluster_equal_noisy,unseen,lotte_science_search_100k,-0.015625,route_true_reward,19
64,-0.453125,-0.734375,cluster_trust_weighted_minus_cluster_static_nearest,unseen,lotte_science_search_100k,-0.59375,hit_at_10,19
64,-0.3403636532738095,-0.559268043154762,cluster_trust_weighted_minus_cluster_static_nearest,unseen,lotte_science_search_100k,-0.45115327380952386,evidence_recall_at_10,19
64,-0.3611914062500001,-0.6190104166666667,cluster_trust_weighted_minus_cluster_static_nearest,unseen,lotte_science_search_100k,-0.4963541666666667,mrr_at_10,19
64,-0.3203175199727139,-0.5247303478822878,cluster_trust_weighted_minus_cluster_static_nearest,unseen,lotte_science_search_100k,-0.42384434988074926,ndcg_at_10,19
64,-0.5,-0.78125,cluster_trust_weighted_minus_cluster_static_nearest,unseen,lotte_science_search_100k,-0.640625,selected_cluster_hit,19
64,-0.515625,-0.78125,cluster_trust_weighted_minus_cluster_static_nearest,unseen,lotte_science_search_100k,-0.65625,route_true_reward,19
64,0.328125,0.078125,cluster_oracle_minus_cluster_cold_no_feedback,unseen,lotte_science_search_100k,0.203125,hit_at_10,19
64,0.14908234126984127,0.014516369047619049,cluster_oracle_minus_cluster_cold_no_feedback,unseen,lotte_science_search_100k,0.08267609126984127,evidence_recall_at_10,19
64,0.2867285156249999,0.07250976562499999,cluster_oracle_minus_cluster_cold_no_feedback,unseen,lotte_science_search_100k,0.1766927083333333,mrr_at_10,19
64,0.16391608123500942,0.024537042148896085,cluster_oracle_minus_cluster_cold_no_feedback,unseen,lotte_science_search_100k,0.09424965299271491,ndcg_at_10,19
64,0.34375,0.078125,cluster_oracle_minus_cluster_cold_no_feedback,unseen,lotte_science_search_100k,0.203125,selected_cluster_hit,19
64,0.3125,0.0625,cluster_oracle_minus_cluster_cold_no_feedback,unseen,lotte_science_search_100k,0.1875,route_true_reward,19
48,0.4791666666666667,0.10416666666666667,cluster_equal_noisy_minus_cluster_cold_no_feedback,nearby,lotte_technology_search_100k,0.2916666666666667,hit_at_10,13
48,0.43171296296296297,0.1550925925925926,cluster_equal_noisy_minus_cluster_cold_no_feedback,nearby,lotte_technology_search_100k,0.29305555555555557,evidence_recall_at_10,13
48,0.4125520833333326,0.04375000000000001,cluster_equal_noisy_minus_cluster_cold_no_feedback,nearby,lotte_technology_search_100k,0.23125000000000004,mrr_at_10,13
48,0.39487086758477874,0.11745628056654163,cluster_equal_noisy_minus_cluster_cold_no_feedback,nearby,lotte_technology_search_100k,0.25505770475546624,ndcg_at_10,13
48,0.5625,0.1875,cluster_equal_noisy_minus_cluster_cold_no_feedback,nearby,lotte_technology_search_100k,0.375,selected_cluster_hit,13
48,0.5208333333333334,0.14583333333333334,cluster_equal_noisy_minus_cluster_cold_no_feedback,nearby,lotte_technology_search_100k,0.3333333333333333,route_true_reward,13
48,0.3958333333333333,0.020833333333333332,cluster_trust_weighted_minus_cluster_cold_no_feedback,nearby,lotte_technology_search_100k,0.20833333333333334,hit_at_10,13
48,0.32537326388888854,0.0707175925925926,cluster_trust_weighted_minus_cluster_cold_no_feedback,nearby,lotte_technology_search_100k,0.19652777777777777,evidence_recall_at_10,13
48,0.3458333333333334,0.0,cluster_trust_weighted_minus_cluster_cold_no_feedback,nearby,lotte_technology_search_100k,0.17430555555555557,mrr_at_10,13
48,0.3006335647565585,0.04774986170693351,cluster_trust_weighted_minus_cluster_cold_no_feedback,nearby,lotte_technology_search_100k,0.16998771864035092,ndcg_at_10,13
48,0.4166666666666667,0.041666666666666664,cluster_trust_weighted_minus_cluster_cold_no_feedback,nearby,lotte_technology_search_100k,0.22916666666666666,selected_cluster_hit,13
48,0.375,0.020833333333333332,cluster_trust_weighted_minus_cluster_cold_no_feedback,nearby,lotte_technology_search_100k,0.20833333333333334,route_true_reward,13
48,0.0625,-0.22916666666666666,cluster_trust_weighted_minus_cluster_equal_noisy,nearby,lotte_technology_search_100k,-0.08333333333333333,hit_at_10,13
48,0.0034722222222222147,-0.19828125,cluster_trust_weighted_minus_cluster_equal_noisy,nearby,lotte_technology_search_100k,-0.09652777777777777,evidence_recall_at_10,13
48,0.08265624999999975,-0.19930555555555554,cluster_trust_weighted_minus_cluster_equal_noisy,nearby,lotte_technology_search_100k,-0.05694444444444444,mrr_at_10,13
48,0.01825061958291254,-0.18842568800596032,cluster_trust_weighted_minus_cluster_equal_noisy,nearby,lotte_technology_search_100k,-0.08506998611511528,ndcg_at_10,13
48,0.020833333333333332,-0.3125,cluster_trust_weighted_minus_cluster_equal_noisy,nearby,lotte_technology_search_100k,-0.14583333333333334,selected_cluster_hit,13
48,0.041666666666666664,-0.2916666666666667,cluster_trust_weighted_minus_cluster_equal_noisy,nearby,lotte_technology_search_100k,-0.125,route_true_reward,13
48,-0.2916666666666667,-0.625,cluster_trust_weighted_minus_cluster_static_nearest,nearby,lotte_technology_search_100k,-0.4583333333333333,hit_at_10,13
48,-0.2486024305555557,-0.5022371031746032,cluster_trust_weighted_minus_cluster_static_nearest,nearby,lotte_technology_search_100k,-0.37827380952380957,evidence_recall_at_10,13
48,-0.22916666666666666,-0.5364583333333334,cluster_trust_weighted_minus_cluster_static_nearest,nearby,lotte_technology_search_100k,-0.3819444444444444,mrr_at_10,13
48,-0.25069188831840206,-0.5074048000542744,cluster_trust_weighted_minus_cluster_static_nearest,nearby,lotte_technology_search_100k,-0.3792058722284722,ndcg_at_10,13
48,-0.3333333333333333,-0.6666666666666666,cluster_trust_weighted_minus_cluster_static_nearest,nearby,lotte_technology_search_100k,-0.5,selected_cluster_hit,13
48,-0.3333333333333333,-0.6458333333333334,cluster_trust_weighted_minus_cluster_static_nearest,nearby,lotte_technology_search_100k,-0.5,route_true_reward,13
48,0.7083333333333334,0.4166666666666667,cluster_oracle_minus_cluster_cold_no_feedback,nearby,lotte_technology_search_100k,0.5625,hit_at_10,13
48,0.5901649305555554,0.3520775462962963,cluster_oracle_minus_cluster_cold_no_feedback,nearby,lotte_technology_search_100k,0.4707175925925926,evidence_recall_at_10,13
48,0.6583333333333333,0.3430381944444444,cluster_oracle_minus_cluster_cold_no_feedback,nearby,lotte_technology_search_100k,0.5048611111111111,mrr_at_10,13
48,0.5875610632946996,0.3466931660899671,cluster_oracle_minus_cluster_cold_no_feedback,nearby,lotte_technology_search_100k,0.46519963979943474,ndcg_at_10,13
48,0.75,0.4375,cluster_oracle_minus_cluster_cold_no_feedback,nearby,lotte_technology_search_100k,0.6041666666666666,selected_cluster_hit,13
48,0.75,0.4583333333333333,cluster_oracle_minus_cluster_cold_no_feedback,nearby,lotte_technology_search_100k,0.6041666666666666,route_true_reward,13
40,0.4333333333333334,0.11666666666666667,cluster_equal_noisy_minus_cluster_cold_no_feedback,repeated,lotte_technology_search_100k,0.275,hit_at_10,13
40,0.4103381283068783,0.14311127645502647,cluster_equal_noisy_minus_cluster_cold_no_feedback,repeated,lotte_technology_search_100k,0.2740410052910053,evidence_recall_at_10,13
40,0.4020833333333334,0.100625,cluster_equal_noisy_minus_cluster_cold_no_feedback,repeated,lotte_technology_search_100k,0.24854166666666666,mrr_at_10,13
40,0.3874607927141633,0.1262779082263291,cluster_equal_noisy_minus_cluster_cold_no_feedback,repeated,lotte_technology_search_100k,0.2520638298953779,ndcg_at_10,13
40,0.4666666666666667,0.14583333333333334,cluster_equal_noisy_minus_cluster_cold_no_feedback,repeated,lotte_technology_search_100k,0.30833333333333335,selected_cluster_hit,13
40,0.4708333333333334,0.14166666666666666,cluster_equal_noisy_minus_cluster_cold_no_feedback,repeated,lotte_technology_search_100k,0.30833333333333335,route_true_reward,13
40,-0.016666666666666663,-0.24166666666666664,cluster_trust_weighted_minus_cluster_cold_no_feedback,repeated,lotte_technology_search_100k,-0.12916666666666665,hit_at_10,13
40,0.009487599206349156,-0.15209242724867728,cluster_trust_weighted_minus_cluster_cold_no_feedback,repeated,lotte_technology_search_100k,-0.0682010582010582,evidence_recall_at_10,13
40,0.0006249999999999951,-0.20416666666666666,cluster_trust_weighted_minus_cluster_cold_no_feedback,repeated,lotte_technology_search_100k,-0.09937499999999999,mrr_at_10,13
40,0.005416531067673221,-0.1591322502911128,cluster_trust_weighted_minus_cluster_cold_no_feedback,repeated,lotte_technology_search_100k,-0.07307745617629151,ndcg_at_10,13
40,0.008333333333333328,-0.2333333333333333,cluster_trust_weighted_minus_cluster_cold_no_feedback,repeated,lotte_technology_search_100k,-0.1125,selected_cluster_hit,13
40,0.004166666666666668,-0.2375,cluster_trust_weighted_minus_cluster_cold_no_feedback,repeated,lotte_technology_search_100k,-0.1125,route_true_reward,13
40,-0.23333333333333334,-0.5708333333333334,cluster_trust_weighted_minus_cluster_equal_noisy,repeated,lotte_technology_search_100k,-0.4041666666666666,hit_at_10,13
40,-0.20443750000000013,-0.4967336309523809,cluster_trust_weighted_minus_cluster_equal_noisy,repeated,lotte_technology_search_100k,-0.3422420634920635,evidence_recall_at_10,13
40,-0.19166666666666665,-0.5042187499999999,cluster_trust_weighted_minus_cluster_equal_noisy,repeated,lotte_technology_search_100k,-0.3479166666666667,mrr_at_10,13
40,-0.18936988370338698,-0.47388075016311215,cluster_trust_weighted_minus_cluster_equal_noisy,repeated,lotte_technology_search_100k,-0.32514128607166937,ndcg_at_10,13
40,-0.25,-0.5916666666666667,cluster_trust_weighted_minus_cluster_equal_noisy,repeated,lotte_technology_search_100k,-0.4208333333333333,selected_cluster_hit,13
40,-0.24583333333333335,-0.5916666666666666,cluster_trust_weighted_minus_cluster_equal_noisy,repeated,lotte_technology_search_100k,-0.4208333333333333,route_true_reward,13
40,-0.6875,-0.9416666666666668,cluster_trust_weighted_minus_cluster_static_nearest,repeated,lotte_technology_search_100k,-0.8291666666666668,hit_at_10,13
40,-0.5182539682539685,-0.7745674603174603,cluster_trust_weighted_minus_cluster_static_nearest,repeated,lotte_technology_search_100k,-0.6508134920634921,evidence_recall_at_10,13
40,-0.5579761904761906,-0.8404226190476191,cluster_trust_weighted_minus_cluster_static_nearest,repeated,lotte_technology_search_100k,-0.7064880952380953,mrr_at_10,13
40,-0.49269567909654316,-0.7445128404819765,cluster_trust_weighted_minus_cluster_static_nearest,repeated,lotte_technology_search_100k,-0.6244294531395527,ndcg_at_10,13
40,-0.7041666666666668,-0.9416666666666668,cluster_trust_weighted_minus_cluster_static_nearest,repeated,lotte_technology_search_100k,-0.8375,selected_cluster_hit,13
40,-0.6832291666666682,-0.9333333333333333,cluster_trust_weighted_minus_cluster_static_nearest,repeated,lotte_technology_search_100k,-0.8125,route_true_reward,13
40,0.7041666666666666,0.4333333333333334,cluster_oracle_minus_cluster_cold_no_feedback,repeated,lotte_technology_search_100k,0.5708333333333334,hit_at_10,13
40,0.6004166666666666,0.34665625,cluster_oracle_minus_cluster_cold_no_feedback,repeated,lotte_technology_search_100k,0.47625,evidence_recall_at_10,13
40,0.6178727678571426,0.35098288690476187,cluster_oracle_minus_cluster_cold_no_feedback,repeated,lotte_technology_search_100k,0.48445436507936507,mrr_at_10,13
40,0.5614008745249854,0.3219588666675835,cluster_oracle_minus_cluster_cold_no_feedback,repeated,lotte_technology_search_100k,0.44208402261066854,ndcg_at_10,13
40,0.75,0.4833333333333334,cluster_oracle_minus_cluster_cold_no_feedback,repeated,lotte_technology_search_100k,0.6208333333333333,selected_cluster_hit,13
40,0.7291666666666667,0.45833333333333337,cluster_oracle_minus_cluster_cold_no_feedback,repeated,lotte_technology_search_100k,0.5958333333333334,route_true_reward,13
64,0.171875,-0.078125,cluster_equal_noisy_minus_cluster_cold_no_feedback,unseen,lotte_technology_search_100k,0.046875,hit_at_10,13
64,0.09334402901785709,-0.05625930059523809,cluster_equal_noisy_minus_cluster_cold_no_feedback,unseen,lotte_technology_search_100k,0.01847098214285714,evidence_recall_at_10,13
64,0.08452814980158724,-0.10194320436507937,cluster_equal_noisy_minus_cluster_cold_no_feedback,unseen,lotte_technology_search_100k,-0.010615079365079366,mrr_at_10,13
64,0.07302364920404884,-0.07451669134412953,cluster_equal_noisy_minus_cluster_cold_no_feedback,unseen,lotte_technology_search_100k,-0.0008115570654372087,ndcg_at_10,13
64,0.15625,-0.09375,cluster_equal_noisy_minus_cluster_cold_no_feedback,unseen,lotte_technology_search_100k,0.03125,selected_cluster_hit,13
64,0.15625,-0.109375,cluster_equal_noisy_minus_cluster_cold_no_feedback,unseen,lotte_technology_search_100k,0.03125,route_true_reward,13
64,0.234375,-0.046875,cluster_trust_weighted_minus_cluster_cold_no_feedback,unseen,lotte_technology_search_100k,0.09375,hit_at_10,13
64,0.10561926463293649,-0.04672712053571429,cluster_trust_weighted_minus_cluster_cold_no_feedback,unseen,lotte_technology_search_100k,0.029755704365079363,evidence_recall_at_10,13
64,0.15223586309523807,-0.06380394345238095,cluster_trust_weighted_minus_cluster_cold_no_feedback,unseen,lotte_technology_search_100k,0.04311755952380952,mrr_at_10,13
64,0.10149199352363096,-0.05400943756561428,cluster_trust_weighted_minus_cluster_cold_no_feedback,unseen,lotte_technology_search_100k,0.021621546461686625,ndcg_at_10,13
64,0.21875,-0.0625,cluster_trust_weighted_minus_cluster_cold_no_feedback,unseen,lotte_technology_search_100k,0.078125,selected_cluster_hit,13
64,0.21875,-0.0625,cluster_trust_weighted_minus_cluster_cold_no_feedback,unseen,lotte_technology_search_100k,0.078125,route_true_reward,13
64,0.109375,-0.015625,cluster_trust_weighted_minus_cluster_equal_noisy,unseen,lotte_technology_search_100k,0.046875,hit_at_10,13
64,0.04427083333333333,-0.019986979166666658,cluster_trust_weighted_minus_cluster_equal_noisy,unseen,lotte_technology_search_100k,0.011284722222222222,evidence_recall_at_10,13
64,0.11328125,0.00859375,cluster_trust_weighted_minus_cluster_equal_noisy,unseen,lotte_technology_search_100k,0.05373263888888889,mrr_at_10,13
64,0.0554781226304038,-0.002817498496440453,cluster_trust_weighted_minus_cluster_equal_noisy,unseen,lotte_technology_search_100k,0.02243310352712383,ndcg_at_10,13
64,0.109375,-0.015625,cluster_trust_weighted_minus_cluster_equal_noisy,unseen,lotte_technology_search_100k,0.046875,selected_cluster_hit,13
64,0.109375,-0.015625,cluster_trust_weighted_minus_cluster_equal_noisy,unseen,lotte_technology_search_100k,0.046875,route_true_reward,13
64,-0.34375,-0.625,cluster_trust_weighted_minus_cluster_static_nearest,unseen,lotte_technology_search_100k,-0.484375,hit_at_10,13
64,-0.2716356646825397,-0.48389694940476186,cluster_trust_weighted_minus_cluster_static_nearest,unseen,lotte_technology_search_100k,-0.3795138888888889,evidence_recall_at_10,13
64,-0.24830589657738095,-0.4906635974702381,cluster_trust_weighted_minus_cluster_static_nearest,unseen,lotte_technology_search_100k,-0.3695684523809524,mrr_at_10,13
64,-0.2545405600701572,-0.454460907898808,cluster_trust_weighted_minus_cluster_static_nearest,unseen,lotte_technology_search_100k,-0.35304343447316255,ndcg_at_10,13
64,-0.53125,-0.78125,cluster_trust_weighted_minus_cluster_static_nearest,unseen,lotte_technology_search_100k,-0.65625,selected_cluster_hit,13
64,-0.46875,-0.71875,cluster_trust_weighted_minus_cluster_static_nearest,unseen,lotte_technology_search_100k,-0.59375,route_true_reward,13
64,0.328125,0.078125,cluster_oracle_minus_cluster_cold_no_feedback,unseen,lotte_technology_search_100k,0.203125,hit_at_10,13
64,0.1817548673115079,0.018415023561507933,cluster_oracle_minus_cluster_cold_no_feedback,unseen,lotte_technology_search_100k,0.09839409722222223,evidence_recall_at_10,13
64,0.2414698040674603,0.028000992063492065,cluster_oracle_minus_cluster_cold_no_feedback,unseen,lotte_technology_search_100k,0.13209325396825397,mrr_at_10,13
64,0.18343191600805,0.014078952190589265,cluster_oracle_minus_cluster_cold_no_feedback,unseen,lotte_technology_search_100k,0.09778870305060257,ndcg_at_10,13
64,0.359375,0.078125,cluster_oracle_minus_cluster_cold_no_feedback,unseen,lotte_technology_search_100k,0.21875,selected_cluster_hit,13
64,0.359375,0.0625,cluster_oracle_minus_cluster_cold_no_feedback,unseen,lotte_technology_search_100k,0.21875,route_true_reward,13
48,0.22916666666666666,-0.0625,cluster_equal_noisy_minus_cluster_cold_no_feedback,nearby,lotte_technology_search_100k,0.08333333333333333,hit_at_10,17
48,0.13302124669312165,-0.058531746031746025,cluster_equal_noisy_minus_cluster_cold_no_feedback,nearby,lotte_technology_search_100k,0.037533068783068786,evidence_recall_at_10,17
48,0.21875,-0.052083333333333336,cluster_equal_noisy_minus_cluster_cold_no_feedback,nearby,lotte_technology_search_100k,0.08333333333333333,mrr_at_10,17
48,0.14229437837701228,-0.05796161701073247,cluster_equal_noisy_minus_cluster_cold_no_feedback,nearby,lotte_technology_search_100k,0.040347610886805635,ndcg_at_10,17
48,0.25,-0.020833333333333332,cluster_equal_noisy_minus_cluster_cold_no_feedback,nearby,lotte_technology_search_100k,0.10416666666666667,selected_cluster_hit,17
48,0.25,-0.020833333333333332,cluster_equal_noisy_minus_cluster_cold_no_feedback,nearby,lotte_technology_search_100k,0.10416666666666667,route_true_reward,17
48,0.125,-0.125,cluster_trust_weighted_minus_cluster_cold_no_feedback,nearby,lotte_technology_search_100k,0.0,hit_at_10,17
48,0.075409226190476,-0.11210317460317461,cluster_trust_weighted_minus_cluster_cold_no_feedback,nearby,lotte_technology_search_100k,-0.016699735449735454,evidence_recall_at_10,17
48,0.125,-0.125,cluster_trust_weighted_minus_cluster_cold_no_feedback,nearby,lotte_technology_search_100k,0.0,mrr_at_10,17
48,0.07622845541632839,-0.11926255855580724,cluster_trust_weighted_minus_cluster_cold_no_feedback,nearby,lotte_technology_search_100k,-0.017779112098994364,ndcg_at_10,17
48,0.1875,-0.10416666666666667,cluster_trust_weighted_minus_cluster_cold_no_feedback,nearby,lotte_technology_search_100k,0.041666666666666664,selected_cluster_hit,17
48,0.1875,-0.10416666666666667,cluster_trust_weighted_minus_cluster_cold_no_feedback,nearby,lotte_technology_search_100k,0.041666666666666664,route_true_reward,17
48,0.0,-0.1875,cluster_trust_weighted_minus_cluster_equal_noisy,nearby,lotte_technology_search_100k,-0.08333333333333333,hit_at_10,17
48,-0.0011574074074074073,-0.12020916005291005,cluster_trust_weighted_minus_cluster_equal_noisy,nearby,lotte_technology_search_100k,-0.05423280423280424,evidence_recall_at_10,17
48,0.0,-0.1875,cluster_trust_weighted_minus_cluster_equal_noisy,nearby,lotte_technology_search_100k,-0.08333333333333333,mrr_at_10,17
48,-0.0012271224910887525,-0.13185463173753573,cluster_trust_weighted_minus_cluster_equal_noisy,nearby,lotte_technology_search_100k,-0.05812672298580002,ndcg_at_10,17
48,0.041666666666666664,-0.16666666666666666,cluster_trust_weighted_minus_cluster_equal_noisy,nearby,lotte_technology_search_100k,-0.0625,selected_cluster_hit,17
48,0.041666666666666664,-0.16666666666666666,cluster_trust_weighted_minus_cluster_equal_noisy,nearby,lotte_technology_search_100k,-0.0625,route_true_reward,17
48,-0.5208333333333334,-0.7916666666666666,cluster_trust_weighted_minus_cluster_static_nearest,nearby,lotte_technology_search_100k,-0.6666666666666666,hit_at_10,17
48,-0.43716931216931215,-0.6625673776455027,cluster_trust_weighted_minus_cluster_static_nearest,nearby,lotte_technology_search_100k,-0.5514550264550264,evidence_recall_at_10,17
48,-0.4272767857142858,-0.7120089285714286,cluster_trust_weighted_minus_cluster_static_nearest,nearby,lotte_technology_search_100k,-0.5738095238095238,mrr_at_10,17
48,-0.4076386071331107,-0.646603417516442,cluster_trust_weighted_minus_cluster_static_nearest,nearby,lotte_technology_search_100k,-0.5294421787042137,ndcg_at_10,17
48,-0.5416666666666666,-0.8125,cluster_trust_weighted_minus_cluster_static_nearest,nearby,lotte_technology_search_100k,-0.6875,selected_cluster_hit,17
48,-0.5208333333333334,-0.8125,cluster_trust_weighted_minus_cluster_static_nearest,nearby,lotte_technology_search_100k,-0.6666666666666666,route_true_reward,17
48,0.6041666666666666,0.2708333333333333,cluster_oracle_minus_cluster_cold_no_feedback,nearby,lotte_technology_search_100k,0.4375,hit_at_10,17
48,0.48739169973544966,0.20828290343915343,cluster_oracle_minus_cluster_cold_no_feedback,nearby,lotte_technology_search_100k,0.34899140211640206,evidence_recall_at_10,17
48,0.513888888888889,0.20034722222222223,cluster_oracle_minus_cluster_cold_no_feedback,nearby,lotte_technology_search_100k,0.35659722222222223,mrr_at_10,17
48,0.44341531134260254,0.1769300959973958,cluster_oracle_minus_cluster_cold_no_feedback,nearby,lotte_technology_search_100k,0.312273852627079,ndcg_at_10,17
48,0.625,0.2916666666666667,cluster_oracle_minus_cluster_cold_no_feedback,nearby,lotte_technology_search_100k,0.4583333333333333,selected_cluster_hit,17
48,0.625,0.2708333333333333,cluster_oracle_minus_cluster_cold_no_feedback,nearby,lotte_technology_search_100k,0.4583333333333333,route_true_reward,17
40,0.25,-0.020833333333333325,cluster_equal_noisy_minus_cluster_cold_no_feedback,repeated,lotte_technology_search_100k,0.1125,hit_at_10,17
40,0.09668634259259229,-0.0626412037037037,cluster_equal_noisy_minus_cluster_cold_no_feedback,repeated,lotte_technology_search_100k,0.017523148148148145,evidence_recall_at_10,17
40,0.20833333333333334,-0.04236979166666666,cluster_equal_noisy_minus_cluster_cold_no_feedback,repeated,lotte_technology_search_100k,0.07951388888888888,mrr_at_10,17
40,0.10996387760934806,-0.06211683367300256,cluster_equal_noisy_minus_cluster_cold_no_feedback,repeated,lotte_technology_search_100k,0.025666342604235448,ndcg_at_10,17
40,0.22916666666666669,-0.024999999999999988,cluster_equal_noisy_minus_cluster_cold_no_feedback,repeated,lotte_technology_search_100k,0.1,selected_cluster_hit,17
40,0.22916666666666669,-0.029166666666666657,cluster_equal_noisy_minus_cluster_cold_no_feedback,repeated,lotte_technology_search_100k,0.1,route_true_reward,17
40,0.18333333333333335,-0.049999999999999996,cluster_trust_weighted_minus_cluster_cold_no_feedback,repeated,lotte_technology_search_100k,0.06666666666666668,hit_at_10,17
40,0.06296296296296296,-0.07685185185185187,cluster_trust_weighted_minus_cluster_cold_no_feedback,repeated,lotte_technology_search_100k,-0.0027314814814814793,evidence_recall_at_10,17
40,0.18472222222222223,-0.05416666666666666,cluster_trust_weighted_minus_cluster_cold_no_feedback,repeated,lotte_technology_search_100k,0.06388888888888888,mrr_at_10,17
40,0.0789392828610981,-0.07441125196731749,cluster_trust_weighted_minus_cluster_cold_no_feedback,repeated,lotte_technology_search_100k,0.005505772653851692,ndcg_at_10,17
40,0.1625,-0.05010416666666663,cluster_trust_weighted_minus_cluster_cold_no_feedback,repeated,lotte_technology_search_100k,0.054166666666666675,selected_cluster_hit,17
40,0.16666666666666669,-0.05833333333333331,cluster_trust_weighted_minus_cluster_cold_no_feedback,repeated,lotte_technology_search_100k,0.054166666666666675,route_true_reward,17
40,0.0,-0.10416666666666667,cluster_trust_weighted_minus_cluster_equal_noisy,repeated,lotte_technology_search_100k,-0.04583333333333334,hit_at_10,17
40,0.001388888888888888,-0.05498263888888889,cluster_trust_weighted_minus_cluster_equal_noisy,repeated,lotte_technology_search_100k,-0.02025462962962963,evidence_recall_at_10,17
40,0.04895833333333333,-0.07507812499999998,cluster_trust_weighted_minus_cluster_equal_noisy,repeated,lotte_technology_search_100k,-0.015625000000000003,mrr_at_10,17
40,0.008347704553141162,-0.05630470473241991,cluster_trust_weighted_minus_cluster_equal_noisy,repeated,lotte_technology_search_100k,-0.020160569950383754,ndcg_at_10,17
40,0.0,-0.10416666666666667,cluster_trust_weighted_minus_cluster_equal_noisy,repeated,lotte_technology_search_100k,-0.04583333333333334,selected_cluster_hit,17
40,0.0,-0.1,cluster_trust_weighted_minus_cluster_equal_noisy,repeated,lotte_technology_search_100k,-0.04583333333333334,route_true_reward,17
40,-0.6166666666666667,-0.8666666666666668,cluster_trust_weighted_minus_cluster_static_nearest,repeated,lotte_technology_search_100k,-0.7458333333333333,hit_at_10,17
40,-0.5185696924603174,-0.7588901289682539,cluster_trust_weighted_minus_cluster_static_nearest,repeated,lotte_technology_search_100k,-0.6431051587301587,evidence_recall_at_10,17
40,-0.49833333333333335,-0.7883333333333333,cluster_trust_weighted_minus_cluster_static_nearest,repeated,lotte_technology_search_100k,-0.6508333333333333,mrr_at_10,17
40,-0.4992962544707043,-0.7392884396422392,cluster_trust_weighted_minus_cluster_static_nearest,repeated,lotte_technology_search_100k,-0.6211218651041006,ndcg_at_10,17
40,-0.6416666666666667,-0.8875,cluster_trust_weighted_minus_cluster_static_nearest,repeated,lotte_technology_search_100k,-0.7708333333333334,selected_cluster_hit,17
40,-0.6416666666666667,-0.8916666666666668,cluster_trust_weighted_minus_cluster_static_nearest,repeated,lotte_technology_search_100k,-0.7708333333333334,route_true_reward,17
40,0.39166666666666666,0.13333333333333336,cluster_oracle_minus_cluster_cold_no_feedback,repeated,lotte_technology_search_100k,0.25833333333333336,hit_at_10,17
40,0.21153645833333318,0.0600625,cluster_oracle_minus_cluster_cold_no_feedback,repeated,lotte_technology_search_100k,0.13145833333333334,evidence_recall_at_10,17
40,0.34949218749999983,0.10798177083333334,cluster_oracle_minus_cluster_cold_no_feedback,repeated,lotte_technology_search_100k,0.22378472222222223,mrr_at_10,17
40,0.2246877374277927,0.06245030433653003,cluster_oracle_minus_cluster_cold_no_feedback,repeated,lotte_technology_search_100k,0.14399620758998483,ndcg_at_10,17
40,0.3708333333333333,0.12916666666666665,cluster_oracle_minus_cluster_cold_no_feedback,repeated,lotte_technology_search_100k,0.24583333333333335,selected_cluster_hit,17
40,0.3708333333333333,0.125,cluster_oracle_minus_cluster_cold_no_feedback,repeated,lotte_technology_search_100k,0.24583333333333335,route_true_reward,17
64,0.234375,0.03125,cluster_equal_noisy_minus_cluster_cold_no_feedback,unseen,lotte_technology_search_100k,0.125,hit_at_10,17
64,0.14136904761904762,0.019791666666666666,cluster_equal_noisy_minus_cluster_cold_no_feedback,unseen,lotte_technology_search_100k,0.07678571428571429,evidence_recall_at_10,17
64,0.19376116071428556,0.006227678571428578,cluster_equal_noisy_minus_cluster_cold_no_feedback,unseen,lotte_technology_search_100k,0.09910714285714287,mrr_at_10,17
64,0.14117156244397916,0.015135489603911539,cluster_equal_noisy_minus_cluster_cold_no_feedback,unseen,lotte_technology_search_100k,0.07458460771784337,ndcg_at_10,17
64,0.28125,0.03125,cluster_equal_noisy_minus_cluster_cold_no_feedback,unseen,lotte_technology_search_100k,0.15625,selected_cluster_hit,17
64,0.25,0.015625,cluster_equal_noisy_minus_cluster_cold_no_feedback,unseen,lotte_technology_search_100k,0.125,route_true_reward,17
64,0.28125,0.03125,cluster_trust_weighted_minus_cluster_cold_no_feedback,unseen,lotte_technology_search_100k,0.15625,hit_at_10,17
64,0.18572172619047608,0.04039248511904762,cluster_trust_weighted_minus_cluster_cold_no_feedback,unseen,lotte_technology_search_100k,0.10952380952380952,evidence_recall_at_10,17
64,0.19219494047619037,-0.005580357142857144,cluster_trust_weighted_minus_cluster_cold_no_feedback,unseen,lotte_technology_search_100k,0.09025297619047618,mrr_at_10,17
64,0.1561329549294175,0.015614526314322273,cluster_trust_weighted_minus_cluster_cold_no_feedback,unseen,lotte_technology_search_100k,0.08415495187964127,ndcg_at_10,17
64,0.296875,0.046875,cluster_trust_weighted_minus_cluster_cold_no_feedback,unseen,lotte_technology_search_100k,0.171875,selected_cluster_hit,17
64,0.265625,0.015625,cluster_trust_weighted_minus_cluster_cold_no_feedback,unseen,lotte_technology_search_100k,0.140625,route_true_reward,17
64,0.140625,-0.078125,cluster_trust_weighted_minus_cluster_equal_noisy,unseen,lotte_technology_search_100k,0.03125,hit_at_10,17
64,0.10081845238095238,-0.03050595238095237,cluster_trust_weighted_minus_cluster_equal_noisy,unseen,lotte_technology_search_100k,0.03273809523809524,evidence_recall_at_10,17
64,0.07709635416666648,-0.09895833333333334,cluster_trust_weighted_minus_cluster_equal_noisy,unseen,lotte_technology_search_100k,-0.00885416666666667,mrr_at_10,17
64,0.07014253487678437,-0.0530806940699114,cluster_trust_weighted_minus_cluster_equal_noisy,unseen,lotte_technology_search_100k,0.009570344161797919,ndcg_at_10,17
64,0.109375,-0.078125,cluster_trust_weighted_minus_cluster_equal_noisy,unseen,lotte_technology_search_100k,0.015625,selected_cluster_hit,17
64,0.125,-0.09375,cluster_trust_weighted_minus_cluster_equal_noisy,unseen,lotte_technology_search_100k,0.015625,route_true_reward,17
64,-0.359375,-0.640625,cluster_trust_weighted_minus_cluster_static_nearest,unseen,lotte_technology_search_100k,-0.5,hit_at_10,17
64,-0.2347541542658731,-0.44941747271825394,cluster_trust_weighted_minus_cluster_static_nearest,unseen,lotte_technology_search_100k,-0.3460813492063492,evidence_recall_at_10,17
64,-0.25444335937500007,-0.5024934895833334,cluster_trust_weighted_minus_cluster_static_nearest,unseen,lotte_technology_search_100k,-0.3789434523809524,mrr_at_10,17
64,-0.23953276973685486,-0.4459012370039758,cluster_trust_weighted_minus_cluster_static_nearest,unseen,lotte_technology_search_100k,-0.3416908000606102,ndcg_at_10,17
64,-0.515625,-0.765625,cluster_trust_weighted_minus_cluster_static_nearest,unseen,lotte_technology_search_100k,-0.640625,selected_cluster_hit,17
64,-0.515625,-0.765625,cluster_trust_weighted_minus_cluster_static_nearest,unseen,lotte_technology_search_100k,-0.640625,route_true_reward,17
64,0.34375,0.09375,cluster_oracle_minus_cluster_cold_no_feedback,unseen,lotte_technology_search_100k,0.21875,hit_at_10,17
64,0.20093160962301584,0.050890997023809524,cluster_oracle_minus_cluster_cold_no_feedback,unseen,lotte_technology_search_100k,0.12372271825396824,evidence_recall_at_10,17
64,0.26004464285714285,0.03325892857142857,cluster_oracle_minus_cluster_cold_no_feedback,unseen,lotte_technology_search_100k,0.1482142857142857,mrr_at_10,17
64,0.19323287230659103,0.037626251718780555,cluster_oracle_minus_cluster_cold_no_feedback,unseen,lotte_technology_search_100k,0.11249707874609494,ndcg_at_10,17
64,0.40625,0.125,cluster_oracle_minus_cluster_cold_no_feedback,unseen,lotte_technology_search_100k,0.265625,selected_cluster_hit,17
64,0.359375,0.078125,cluster_oracle_minus_cluster_cold_no_feedback,unseen,lotte_technology_search_100k,0.21875,route_true_reward,17
48,0.08333333333333333,-0.16666666666666666,cluster_equal_noisy_minus_cluster_cold_no_feedback,nearby,lotte_technology_search_100k,-0.041666666666666664,hit_at_10,19
48,0.013084490740740657,-0.14432870370370368,cluster_equal_noisy_minus_cluster_cold_no_feedback,nearby,lotte_technology_search_100k,-0.06122685185185186,evidence_recall_at_10,19
48,0.09375,-0.15104166666666666,cluster_equal_noisy_minus_cluster_cold_no_feedback,nearby,lotte_technology_search_100k,-0.026041666666666668,mrr_at_10,19
48,0.02813856310627468,-0.1429638719482179,cluster_equal_noisy_minus_cluster_cold_no_feedback,nearby,lotte_technology_search_100k,-0.05413121424478062,ndcg_at_10,19
48,0.08333333333333333,-0.16666666666666666,cluster_equal_noisy_minus_cluster_cold_no_feedback,nearby,lotte_technology_search_100k,-0.041666666666666664,selected_cluster_hit,19
48,0.08333333333333333,-0.16666666666666666,cluster_equal_noisy_minus_cluster_cold_no_feedback,nearby,lotte_technology_search_100k,-0.041666666666666664,route_true_reward,19
48,0.4791666666666667,0.1875,cluster_trust_weighted_minus_cluster_cold_no_feedback,nearby,lotte_technology_search_100k,0.3333333333333333,hit_at_10,19
48,0.347239583333333,0.1239554398148148,cluster_trust_weighted_minus_cluster_cold_no_feedback,nearby,lotte_technology_search_100k,0.23159722222222223,evidence_recall_at_10,19
48,0.45486111111111116,0.17708333333333334,cluster_trust_weighted_minus_cluster_cold_no_feedback,nearby,lotte_technology_search_100k,0.3142361111111111,mrr_at_10,19
48,0.36565992626840393,0.13768028674849409,cluster_trust_weighted_minus_cluster_cold_no_feedback,nearby,lotte_technology_search_100k,0.24885389357431476,ndcg_at_10,19
48,0.5,0.16666666666666666,cluster_trust_weighted_minus_cluster_cold_no_feedback,nearby,lotte_technology_search_100k,0.3333333333333333,selected_cluster_hit,19
48,0.5,0.1875,cluster_trust_weighted_minus_cluster_cold_no_feedback,nearby,lotte_technology_search_100k,0.3333333333333333,route_true_reward,19
48,0.5208333333333334,0.24947916666666684,cluster_trust_weighted_minus_cluster_equal_noisy,nearby,lotte_technology_search_100k,0.375,hit_at_10,19
48,0.401976273148148,0.18876157407407407,cluster_trust_weighted_minus_cluster_equal_noisy,nearby,lotte_technology_search_100k,0.2928240740740741,evidence_recall_at_10,19
48,0.4861979166666654,0.20138888888888887,cluster_trust_weighted_minus_cluster_equal_noisy,nearby,lotte_technology_search_100k,0.34027777777777773,mrr_at_10,19
48,0.42175719515286264,0.19242513479071993,cluster_trust_weighted_minus_cluster_equal_noisy,nearby,lotte_technology_search_100k,0.3029851078190954,ndcg_at_10,19
48,0.5208333333333334,0.25,cluster_trust_weighted_minus_cluster_equal_noisy,nearby,lotte_technology_search_100k,0.375,selected_cluster_hit,19
48,0.5208333333333334,0.22916666666666666,cluster_trust_weighted_minus_cluster_equal_noisy,nearby,lotte_technology_search_100k,0.375,route_true_reward,19
48,-0.16666666666666666,-0.4583333333333333,cluster_trust_weighted_minus_cluster_static_nearest,nearby,lotte_technology_search_100k,-0.3125,hit_at_10,19
48,-0.18911747685185187,-0.43114004629629626,cluster_trust_weighted_minus_cluster_static_nearest,nearby,lotte_technology_search_100k,-0.30659722222222224,evidence_recall_at_10,19
48,-0.10207589285714298,-0.35486111111111107,cluster_trust_weighted_minus_cluster_static_nearest,nearby,lotte_technology_search_100k,-0.22311507936507935,mrr_at_10,19
48,-0.15437125922823572,-0.3752526402129752,cluster_trust_weighted_minus_cluster_static_nearest,nearby,lotte_technology_search_100k,-0.26007276163295046,ndcg_at_10,19
48,-0.22916666666666666,-0.5208333333333334,cluster_trust_weighted_minus_cluster_static_nearest,nearby,lotte_technology_search_100k,-0.375,selected_cluster_hit,19
48,-0.20833333333333334,-0.5,cluster_trust_weighted_minus_cluster_static_nearest,nearby,lotte_technology_search_100k,-0.3541666666666667,route_true_reward,19
48,0.75,0.4791666666666667,cluster_oracle_minus_cluster_cold_no_feedback,nearby,lotte_technology_search_100k,0.625,hit_at_10,19
48,0.6151822916666664,0.39548611111111115,cluster_oracle_minus_cluster_cold_no_feedback,nearby,lotte_technology_search_100k,0.5030092592592593,evidence_recall_at_10,19
48,0.6795312499999997,0.41562499999999997,cluster_oracle_minus_cluster_cold_no_feedback,nearby,lotte_technology_search_100k,0.5458333333333333,mrr_at_10,19
48,0.5971061900913557,0.3760257826013456,cluster_oracle_minus_cluster_cold_no_feedback,nearby,lotte_technology_search_100k,0.4884615829634595,ndcg_at_10,19
48,0.8125,0.5625,cluster_oracle_minus_cluster_cold_no_feedback,nearby,lotte_technology_search_100k,0.6875,selected_cluster_hit,19
48,0.8125,0.5625,cluster_oracle_minus_cluster_cold_no_feedback,nearby,lotte_technology_search_100k,0.6875,route_true_reward,19
40,0.11666666666666667,-0.15833333333333333,cluster_equal_noisy_minus_cluster_cold_no_feedback,repeated,lotte_technology_search_100k,-0.024999999999999994,hit_at_10,19
40,0.04232589285714279,-0.11755009920634922,cluster_equal_noisy_minus_cluster_cold_no_feedback,repeated,lotte_technology_search_100k,-0.03471230158730158,evidence_recall_at_10,19
40,0.11555555555555555,-0.1536145833333333,cluster_equal_noisy_minus_cluster_cold_no_feedback,repeated,lotte_technology_search_100k,-0.022361111111111106,mrr_at_10,19
40,0.055978175861416665,-0.12139661764387304,cluster_equal_noisy_minus_cluster_cold_no_feedback,repeated,lotte_technology_search_100k,-0.03240012000855958,ndcg_at_10,19
40,0.1,-0.1708333333333333,cluster_equal_noisy_minus_cluster_cold_no_feedback,repeated,lotte_technology_search_100k,-0.033333333333333326,selected_cluster_hit,19
40,0.10833333333333332,-0.17083333333333334,cluster_equal_noisy_minus_cluster_cold_no_feedback,repeated,lotte_technology_search_100k,-0.033333333333333326,route_true_reward,19
40,0.4416666666666666,0.0875,cluster_trust_weighted_minus_cluster_cold_no_feedback,repeated,lotte_technology_search_100k,0.2666666666666667,hit_at_10,19
40,0.32613425925925926,0.07156646825396826,cluster_trust_weighted_minus_cluster_cold_no_feedback,repeated,lotte_technology_search_100k,0.19829695767195765,evidence_recall_at_10,19
40,0.425,0.08916666666666667,cluster_trust_weighted_minus_cluster_cold_no_feedback,repeated,lotte_technology_search_100k,0.2584722222222222,mrr_at_10,19
40,0.32342822668798676,0.06801846328053024,cluster_trust_weighted_minus_cluster_cold_no_feedback,repeated,lotte_technology_search_100k,0.1974724096187372,ndcg_at_10,19
40,0.4292708333333318,0.08322916666666669,cluster_trust_weighted_minus_cluster_cold_no_feedback,repeated,lotte_technology_search_100k,0.25833333333333336,selected_cluster_hit,19
40,0.4291666666666667,0.07916666666666666,cluster_trust_weighted_minus_cluster_cold_no_feedback,repeated,lotte_technology_search_100k,0.25833333333333336,route_true_reward,19
40,0.425,0.16666666666666666,cluster_trust_weighted_minus_cluster_equal_noisy,repeated,lotte_technology_search_100k,0.29166666666666663,hit_at_10,19
40,0.33708796296296284,0.13499421296296296,cluster_trust_weighted_minus_cluster_equal_noisy,repeated,lotte_technology_search_100k,0.23300925925925925,evidence_recall_at_10,19
40,0.41916666666666663,0.15083333333333332,cluster_trust_weighted_minus_cluster_equal_noisy,repeated,lotte_technology_search_100k,0.2808333333333334,mrr_at_10,19
40,0.33483928713252026,0.12914972355210513,cluster_trust_weighted_minus_cluster_equal_noisy,repeated,lotte_technology_search_100k,0.22987252962729676,ndcg_at_10,19
40,0.425,0.15833333333333333,cluster_trust_weighted_minus_cluster_equal_noisy,repeated,lotte_technology_search_100k,0.29166666666666663,selected_cluster_hit,19
40,0.4333333333333333,0.16666666666666666,cluster_trust_weighted_minus_cluster_equal_noisy,repeated,lotte_technology_search_100k,0.29166666666666663,route_true_reward,19
40,-0.33333333333333337,-0.6583333333333334,cluster_trust_weighted_minus_cluster_static_nearest,repeated,lotte_technology_search_100k,-0.5,hit_at_10,19
40,-0.29188194444444454,-0.5738741732804233,cluster_trust_weighted_minus_cluster_static_nearest,repeated,lotte_technology_search_100k,-0.4340542328042328,evidence_recall_at_10,19
40,-0.2891666666666667,-0.6016666666666668,cluster_trust_weighted_minus_cluster_static_nearest,repeated,lotte_technology_search_100k,-0.44958333333333333,mrr_at_10,19
40,-0.2722369975810218,-0.5462102183363062,cluster_trust_weighted_minus_cluster_static_nearest,repeated,lotte_technology_search_100k,-0.41207216805469493,ndcg_at_10,19
40,-0.3416666666666667,-0.6583333333333334,cluster_trust_weighted_minus_cluster_static_nearest,repeated,lotte_technology_search_100k,-0.5,selected_cluster_hit,19
40,-0.33333333333333337,-0.6583333333333334,cluster_trust_weighted_minus_cluster_static_nearest,repeated,lotte_technology_search_100k,-0.5,route_true_reward,19
40,0.7416666666666666,0.475,cluster_oracle_minus_cluster_cold_no_feedback,repeated,lotte_technology_search_100k,0.6083333333333334,hit_at_10,19
40,0.6398003472222221,0.3804149305555556,cluster_oracle_minus_cluster_cold_no_feedback,repeated,lotte_technology_search_100k,0.5128472222222222,evidence_recall_at_10,19
40,0.6869479166666667,0.4140277777777778,cluster_oracle_minus_cluster_cold_no_feedback,repeated,lotte_technology_search_100k,0.5543055555555555,mrr_at_10,19
40,0.6102411909217931,0.3643268952182195,cluster_oracle_minus_cluster_cold_no_feedback,repeated,lotte_technology_search_100k,0.48713743087979483,ndcg_at_10,19
40,0.7666666666666667,0.5125,cluster_oracle_minus_cluster_cold_no_feedback,repeated,lotte_technology_search_100k,0.6458333333333334,selected_cluster_hit,19
40,0.7625,0.5040625,cluster_oracle_minus_cluster_cold_no_feedback,repeated,lotte_technology_search_100k,0.6375,route_true_reward,19
64,0.09375,-0.09375,cluster_equal_noisy_minus_cluster_cold_no_feedback,unseen,lotte_technology_search_100k,0.0,hit_at_10,19
64,0.05357142857142856,-0.03311011904761904,cluster_equal_noisy_minus_cluster_cold_no_feedback,unseen,lotte_technology_search_100k,0.008432539682539682,evidence_recall_at_10,19
64,0.06253255208333286,-0.08203125,cluster_equal_noisy_minus_cluster_cold_no_feedback,unseen,lotte_technology_search_100k,-0.009114583333333332,mrr_at_10,19
64,0.040273525807254316,-0.041774558889779025,cluster_equal_noisy_minus_cluster_cold_no_feedback,unseen,lotte_technology_search_100k,-0.0020085690320257327,ndcg_at_10,19
64,0.125,-0.078125,cluster_equal_noisy_minus_cluster_cold_no_feedback,unseen,lotte_technology_search_100k,0.015625,selected_cluster_hit,19
64,0.078125,-0.109375,cluster_equal_noisy_minus_cluster_cold_no_feedback,unseen,lotte_technology_search_100k,-0.015625,route_true_reward,19
64,0.25,0.03125,cluster_trust_weighted_minus_cluster_cold_no_feedback,unseen,lotte_technology_search_100k,0.140625,hit_at_10,19
64,0.14025979662698412,-0.006512741815476196,cluster_trust_weighted_minus_cluster_cold_no_feedback,unseen,lotte_technology_search_100k,0.06606522817460317,evidence_recall_at_10,19
64,0.23697916666666666,0.010937500000000003,cluster_trust_weighted_minus_cluster_cold_no_feedback,unseen,lotte_technology_search_100k,0.12291666666666667,mrr_at_10,19
64,0.15626270979294923,-0.0021116454273177113,cluster_trust_weighted_minus_cluster_cold_no_feedback,unseen,lotte_technology_search_100k,0.07651967353194646,ndcg_at_10,19
64,0.34375,0.078125,cluster_trust_weighted_minus_cluster_cold_no_feedback,unseen,lotte_technology_search_100k,0.203125,selected_cluster_hit,19
64,0.265625,0.015625,cluster_trust_weighted_minus_cluster_cold_no_feedback,unseen,lotte_technology_search_100k,0.140625,route_true_reward,19
64,0.265625,0.015625,cluster_trust_weighted_minus_cluster_equal_noisy,unseen,lotte_technology_search_100k,0.140625,hit_at_10,19
64,0.12708395337301587,-0.013211805555555551,cluster_trust_weighted_minus_cluster_equal_noisy,unseen,lotte_technology_search_100k,0.05763268849206349,evidence_recall_at_10,19
64,0.2375,0.030468750000000003,cluster_trust_weighted_minus_cluster_equal_noisy,unseen,lotte_technology_search_100k,0.13203125,mrr_at_10,19
64,0.14957503322939492,0.010491086241727433,cluster_trust_weighted_minus_cluster_equal_noisy,unseen,lotte_technology_search_100k,0.0785282425639722,ndcg_at_10,19
64,0.3125,0.0625,cluster_trust_weighted_minus_cluster_equal_noisy,unseen,lotte_technology_search_100k,0.1875,selected_cluster_hit,19
64,0.28125,0.03125,cluster_trust_weighted_minus_cluster_equal_noisy,unseen,lotte_technology_search_100k,0.15625,route_true_reward,19
64,-0.359375,-0.609375,cluster_trust_weighted_minus_cluster_static_nearest,unseen,lotte_technology_search_100k,-0.484375,hit_at_10,19
64,-0.24670138888888887,-0.4420895337301587,cluster_trust_weighted_minus_cluster_static_nearest,unseen,lotte_technology_search_100k,-0.34326636904761904,evidence_recall_at_10,19
64,-0.21086077008928572,-0.44025204613095237,cluster_trust_weighted_minus_cluster_static_nearest,unseen,lotte_technology_search_100k,-0.3260974702380952,mrr_at_10,19
64,-0.2146673552498157,-0.41000626637971455,cluster_trust_weighted_minus_cluster_static_nearest,unseen,lotte_technology_search_100k,-0.3102346704904717,ndcg_at_10,19
64,-0.5,-0.75,cluster_trust_weighted_minus_cluster_static_nearest,unseen,lotte_technology_search_100k,-0.625,selected_cluster_hit,19
64,-0.484375,-0.734375,cluster_trust_weighted_minus_cluster_static_nearest,unseen,lotte_technology_search_100k,-0.609375,route_true_reward,19
64,0.5,0.25,cluster_oracle_minus_cluster_cold_no_feedback,unseen,lotte_technology_search_100k,0.375,hit_at_10,19
64,0.27549665178571425,0.117578125,cluster_oracle_minus_cluster_cold_no_feedback,unseen,lotte_technology_search_100k,0.19419642857142855,evidence_recall_at_10,19
64,0.36791015624999956,0.15162078373015872,cluster_oracle_minus_cluster_cold_no_feedback,unseen,lotte_technology_search_100k,0.25839533730158726,mrr_at_10,19
64,0.26784233937237684,0.11057147284302689,cluster_oracle_minus_cluster_cold_no_feedback,unseen,lotte_technology_search_100k,0.1872027997716087,ndcg_at_10,19
64,0.59375,0.3125,cluster_oracle_minus_cluster_cold_no_feedback,unseen,lotte_technology_search_100k,0.453125,selected_cluster_hit,19
64,0.546875,0.265625,cluster_oracle_minus_cluster_cold_no_feedback,unseen,lotte_technology_search_100k,0.40625,route_true_reward,19
