condition,dataset,dense_queried,event_count,evidence_recall_at_10,final_context_tokens,hit_at_10,method,mrr_at_10,ndcg_at_10,phase,route_true_reward,seed,selected_cluster_hit,unique_query_count
nearby,lotte_science_search_100k,0.0,24,0.0625,1761.4166666666667,0.08333333333333333,cluster_cold_no_feedback,0.08333333333333333,0.06386949924640191,A_nearby,0.08333333333333333,13,0.08333333333333333,24
nearby,lotte_science_search_100k,0.0,24,0.125,2016.0833333333333,0.16666666666666666,cluster_cold_no_feedback,0.16666666666666666,0.13477664012547408,B_nearby,0.16666666666666666,13,0.16666666666666666,24
repeated,lotte_science_search_100k,0.0,20,0.09166666666666666,1693.7,0.3,cluster_cold_no_feedback,0.25833333333333336,0.11826815468337204,A_recurrent_return,0.3,13,0.3,20
repeated,lotte_science_search_100k,0.0,20,0.0875,1897.35,0.15,cluster_cold_no_feedback,0.15,0.10135312443624667,A_recurrent_warmup_1,0.15,13,0.15,20
repeated,lotte_science_search_100k,0.0,20,0.0375,1662.0,0.1,cluster_cold_no_feedback,0.1,0.050176362137878,A_recurrent_warmup_2,0.1,13,0.1,20
repeated,lotte_science_search_100k,0.0,20,0.025,2422.7,0.05,cluster_cold_no_feedback,0.025,0.01934264036172708,B_recurrent_shift_1,0.05,13,0.05,20
repeated,lotte_science_search_100k,0.0,20,0.1,2000.25,0.1,cluster_cold_no_feedback,0.1,0.1,B_recurrent_shift_2,0.1,13,0.1,20
unseen,lotte_science_search_100k,0.0,64,0.05520833333333333,1980.203125,0.078125,cluster_cold_no_feedback,0.0703125,0.052485773031500274,unseen_tail,0.078125,13,0.078125,64
nearby,lotte_science_search_100k,0.0,24,0.08888888888888889,1443.7916666666667,0.125,cluster_cold_no_feedback,0.08854166666666667,0.06889743855400597,A_nearby,0.16666666666666666,17,0.16666666666666666,24
nearby,lotte_science_search_100k,0.0,24,0.0625,2237.6666666666665,0.08333333333333333,cluster_cold_no_feedback,0.0625,0.05444056651594705,B_nearby,0.08333333333333333,17,0.08333333333333333,24
repeated,lotte_science_search_100k,0.0,20,0.0325,1840.65,0.1,cluster_cold_no_feedback,0.075,0.03677856961194855,A_recurrent_return,0.1,17,0.1,20
repeated,lotte_science_search_100k,0.0,20,0.0,1712.4,0.0,cluster_cold_no_feedback,0.0,0.0,A_recurrent_warmup_1,0.0,17,0.0,20
repeated,lotte_science_search_100k,0.0,20,0.05,1782.85,0.05,cluster_cold_no_feedback,0.05,0.05,A_recurrent_warmup_2,0.05,17,0.05,20
repeated,lotte_science_search_100k,0.0,20,0.1,1784.55,0.1,cluster_cold_no_feedback,0.1,0.09449801582169487,B_recurrent_shift_1,0.1,17,0.1,20
repeated,lotte_science_search_100k,0.0,20,0.1,2030.1,0.15,cluster_cold_no_feedback,0.15,0.10487491300216875,B_recurrent_shift_2,0.15,17,0.15,20
unseen,lotte_science_search_100k,0.0,64,0.07767857142857143,2029.4375,0.171875,cluster_cold_no_feedback,0.15104166666666666,0.08805745848963036,unseen_tail,0.1875,17,0.203125,64
nearby,lotte_science_search_100k,0.0,24,0.010416666666666666,1898.8333333333333,0.041666666666666664,cluster_cold_no_feedback,0.041666666666666664,0.01626583541633757,A_nearby,0.041666666666666664,19,0.041666666666666664,24
nearby,lotte_science_search_100k,0.0,24,0.10555555555555556,1947.1666666666667,0.16666666666666666,cluster_cold_no_feedback,0.1111111111111111,0.1007038839027233,B_nearby,0.16666666666666666,19,0.16666666666666666,24
repeated,lotte_science_search_100k,0.0,20,0.05,1890.95,0.1,cluster_cold_no_feedback,0.1,0.062491481574914506,A_recurrent_return,0.1,19,0.1,20
repeated,lotte_science_search_100k,0.0,20,0.041666666666666664,1838.35,0.1,cluster_cold_no_feedback,0.075,0.046638217484934845,A_recurrent_warmup_1,0.1,19,0.1,20
repeated,lotte_science_search_100k,0.0,20,0.15,1855.55,0.25,cluster_cold_no_feedback,0.2125,0.1571291711134168,A_recurrent_warmup_2,0.25,19,0.25,20
repeated,lotte_science_search_100k,0.0,20,0.13333333333333333,1991.35,0.2,cluster_cold_no_feedback,0.2,0.1457874803132136,B_recurrent_shift_1,0.2,19,0.2,20
repeated,lotte_science_search_100k,0.0,20,0.10833333333333334,1877.95,0.2,cluster_cold_no_feedback,0.15,0.10381540139839483,B_recurrent_shift_2,0.2,19,0.2,20
unseen,lotte_science_search_100k,0.0,64,0.065625,1740.546875,0.109375,cluster_cold_no_feedback,0.087890625,0.0647770906508804,unseen_tail,0.140625,19,0.140625,64
nearby,lotte_science_search_100k,0.0,24,0.044444444444444446,2069.2083333333335,0.125,cluster_equal_noisy,0.10416666666666667,0.054937796124865226,A_nearby,0.125,13,0.125,24
nearby,lotte_science_search_100k,0.0,24,0.0,2206.625,0.0,cluster_equal_noisy,0.0,0.0,B_nearby,0.0,13,0.0,24
repeated,lotte_science_search_100k,0.0,20,0.01,2455.25,0.05,cluster_equal_noisy,0.016666666666666666,0.008479005131840403,A_recurrent_return,0.05,13,0.05,20
repeated,lotte_science_search_100k,0.0,20,0.0,1944.9,0.0,cluster_equal_noisy,0.0,0.0,A_recurrent_warmup_1,0.0,13,0.0,20
repeated,lotte_science_search_100k,0.0,20,0.0,1870.95,0.0,cluster_equal_noisy,0.0,0.0,A_recurrent_warmup_2,0.0,13,0.0,20
repeated,lotte_science_search_100k,0.0,20,0.085,1982.3,0.15,cluster_equal_noisy,0.08333333333333333,0.06034379452876907,B_recurrent_shift_1,0.15,13,0.15,20
repeated,lotte_science_search_100k,0.0,20,0.0975,2236.7,0.15,cluster_equal_noisy,0.085,0.07163557678489758,B_recurrent_shift_2,0.15,13,0.15,20
unseen,lotte_science_search_100k,0.0,64,0.078125,2042.046875,0.140625,cluster_equal_noisy,0.10611979166666667,0.07532911270014395,unseen_tail,0.140625,13,0.15625,64
nearby,lotte_science_search_100k,0.0,24,0.3715277777777778,1722.25,0.5,cluster_equal_noisy,0.4097222222222222,0.34399449938895005,A_nearby,0.5833333333333334,17,0.5833333333333334,24
nearby,lotte_science_search_100k,0.0,24,0.5430555555555555,2057.9166666666665,0.625,cluster_equal_noisy,0.55,0.49582362622396964,B_nearby,0.6666666666666666,17,0.6666666666666666,24
repeated,lotte_science_search_100k,0.0,20,0.4625,1786.85,0.7,cluster_equal_noisy,0.6238095238095238,0.4945933025769211,A_recurrent_return,0.7,17,0.7,20
repeated,lotte_science_search_100k,0.0,20,0.4375,1715.85,0.65,cluster_equal_noisy,0.5696428571428571,0.4625828185024015,A_recurrent_warmup_1,0.65,17,0.65,20
repeated,lotte_science_search_100k,0.0,20,0.4625,1915.15,0.7,cluster_equal_noisy,0.6238095238095238,0.4945933025769211,A_recurrent_warmup_2,0.7,17,0.7,20
repeated,lotte_science_search_100k,0.0,20,0.5625,2038.45,0.65,cluster_equal_noisy,0.5154761904761904,0.49884328602354555,B_recurrent_shift_1,0.7,17,0.7,20
repeated,lotte_science_search_100k,0.0,20,0.6291666666666667,1928.75,0.75,cluster_equal_noisy,0.5904761904761905,0.5629439494936652,B_recurrent_shift_2,0.75,17,0.75,20
unseen,lotte_science_search_100k,0.0,64,0.1765625,1848.09375,0.296875,cluster_equal_noisy,0.28348214285714285,0.19742755155135364,unseen_tail,0.3125,17,0.328125,64
nearby,lotte_science_search_100k,0.0,24,0.041666666666666664,1607.4166666666667,0.041666666666666664,cluster_equal_noisy,0.005952380952380952,0.013888888888888888,A_nearby,0.041666666666666664,19,0.041666666666666664,24
nearby,lotte_science_search_100k,0.0,24,0.125,1871.9583333333333,0.16666666666666666,cluster_equal_noisy,0.125,0.12033100156009023,B_nearby,0.16666666666666666,19,0.16666666666666666,24
repeated,lotte_science_search_100k,0.0,20,0.3525,1702.85,0.55,cluster_equal_noisy,0.5125,0.38213292650331554,A_recurrent_return,0.55,19,0.55,20
repeated,lotte_science_search_100k,0.0,20,0.0,1800.0,0.0,cluster_equal_noisy,0.0,0.0,A_recurrent_warmup_1,0.0,19,0.05,20
repeated,lotte_science_search_100k,0.0,20,0.0,1372.4,0.0,cluster_equal_noisy,0.0,0.0,A_recurrent_warmup_2,0.1,19,0.1,20
repeated,lotte_science_search_100k,0.0,20,0.05,1758.2,0.1,cluster_equal_noisy,0.06,0.038331697113608676,B_recurrent_shift_1,0.1,19,0.1,20
repeated,lotte_science_search_100k,0.0,20,0.1,1827.1,0.15,cluster_equal_noisy,0.10833333333333334,0.08739218331605207,B_recurrent_shift_2,0.15,19,0.15,20
unseen,lotte_science_search_100k,0.0,64,0.08958333333333333,1764.515625,0.21875,cluster_equal_noisy,0.17643229166666666,0.09937166739840425,unseen_tail,0.234375,19,0.25,64
nearby,lotte_science_search_100k,0.0,24,0.40902777777777777,1479.0416666666667,0.5416666666666666,cluster_oracle,0.5,0.41369870015105803,A_nearby,0.625,13,0.625,24
nearby,lotte_science_search_100k,0.0,24,0.7013888888888888,2137.5416666666665,0.8333333333333334,cluster_oracle,0.7142857142857143,0.6498864177862682,B_nearby,0.8333333333333334,13,0.8333333333333334,24
repeated,lotte_science_search_100k,0.0,20,0.57,1794.05,0.75,cluster_oracle,0.7071428571428572,0.5918797781139017,A_recurrent_return,0.75,13,0.75,20
repeated,lotte_science_search_100k,0.0,20,0.215,1854.1,0.3,cluster_oracle,0.3,0.23375616361068796,A_recurrent_warmup_1,0.3,13,0.3,20
repeated,lotte_science_search_100k,0.0,20,0.54,1801.4,0.7,cluster_oracle,0.6571428571428571,0.5625134806019401,A_recurrent_warmup_2,0.7,13,0.75,20
repeated,lotte_science_search_100k,0.0,20,0.6416666666666667,1991.3,0.8,cluster_oracle,0.6988095238095238,0.6157302788509389,B_recurrent_shift_1,0.8,13,0.8,20
repeated,lotte_science_search_100k,0.0,20,0.6416666666666667,1945.6,0.8,cluster_oracle,0.6979166666666666,0.6151824791523781,B_recurrent_shift_2,0.8,13,0.8,20
unseen,lotte_science_search_100k,0.0,64,0.22309027777777776,1980.140625,0.390625,cluster_oracle,0.3207465277777778,0.22416609201985155,unseen_tail,0.40625,13,0.40625,64
nearby,lotte_science_search_100k,0.0,24,0.375,1772.1666666666667,0.5416666666666666,cluster_oracle,0.4305555555555556,0.3484611647552234,A_nearby,0.625,17,0.625,24
nearby,lotte_science_search_100k,0.0,24,0.5152777777777777,2130.2916666666665,0.625,cluster_oracle,0.55,0.47952922601484615,B_nearby,0.6666666666666666,17,0.6666666666666666,24
repeated,lotte_science_search_100k,0.0,20,0.5041666666666667,1812.05,0.8,cluster_oracle,0.6446428571428572,0.5183105111143259,A_recurrent_return,0.8,17,0.8,20
repeated,lotte_science_search_100k,0.0,20,0.06916666666666667,1964.6,0.15,cluster_oracle,0.08214285714285714,0.06357617766179868,A_recurrent_warmup_1,0.15,17,0.15,20
repeated,lotte_science_search_100k,0.0,20,0.4916666666666667,1694.4,0.75,cluster_oracle,0.6321428571428571,0.5094576594917662,A_recurrent_warmup_2,0.75,17,0.75,20
repeated,lotte_science_search_100k,0.0,20,0.5291666666666667,1767.6,0.65,cluster_oracle,0.49047619047619045,0.4629439494936652,B_recurrent_shift_1,0.65,17,0.65,20
repeated,lotte_science_search_100k,0.0,20,0.5291666666666667,2010.05,0.65,cluster_oracle,0.49047619047619045,0.4623134205649515,B_recurrent_shift_2,0.65,17,0.65,20
unseen,lotte_science_search_100k,0.0,64,0.20520833333333333,1658.890625,0.359375,cluster_oracle,0.31212797619047616,0.22026613578942847,unseen_tail,0.40625,17,0.421875,64
nearby,lotte_science_search_100k,0.0,24,0.3284722222222222,1515.9166666666667,0.4583333333333333,cluster_oracle,0.4166666666666667,0.32694566333587743,A_nearby,0.4583333333333333,19,0.5,24
nearby,lotte_science_search_100k,0.0,24,0.32222222222222224,2046.5416666666667,0.5,cluster_oracle,0.4114583333333333,0.3208182637319717,B_nearby,0.5,19,0.5,24
repeated,lotte_science_search_100k,0.0,20,0.4475,1866.8,0.65,cluster_oracle,0.5875,0.46918538003244714,A_recurrent_return,0.7,19,0.7,20
repeated,lotte_science_search_100k,0.0,20,0.435,1760.9,0.65,cluster_oracle,0.5875,0.45642378578640685,A_recurrent_warmup_1,0.65,19,0.65,20
repeated,lotte_science_search_100k,0.0,20,0.435,1984.0,0.65,cluster_oracle,0.5875,0.45648236554832955,A_recurrent_warmup_2,0.65,19,0.65,20
repeated,lotte_science_search_100k,0.0,20,0.23333333333333334,1967.55,0.35,cluster_oracle,0.25166666666666665,0.22256066536489993,B_recurrent_shift_1,0.35,19,0.35,20
repeated,lotte_science_search_100k,0.0,20,0.23333333333333334,2271.5,0.35,cluster_oracle,0.26,0.22657462590749056,B_recurrent_shift_2,0.35,19,0.35,20
unseen,lotte_science_search_100k,0.0,64,0.14830109126984126,1709.765625,0.3125,cluster_oracle,0.26458333333333334,0.1590267436435953,unseen_tail,0.328125,19,0.34375,64
nearby,lotte_science_search_100k,0.0,24,0.4097222222222222,1436.7083333333333,0.625,cluster_static_nearest,0.5260416666666666,0.39316795329726434,A_nearby,0.75,13,0.75,24
nearby,lotte_science_search_100k,0.0,24,0.7569444444444444,2040.5833333333333,0.875,cluster_static_nearest,0.7767857142857143,0.7027365838444712,B_nearby,0.875,13,0.875,24
repeated,lotte_science_search_100k,0.0,20,0.7116666666666667,1738.85,0.95,cluster_static_nearest,0.8205357142857143,0.6887661936793953,A_recurrent_return,0.95,13,0.95,20
repeated,lotte_science_search_100k,0.0,20,0.7116666666666667,1738.85,0.95,cluster_static_nearest,0.8205357142857143,0.6887661936793953,A_recurrent_warmup_1,0.95,13,0.95,20
repeated,lotte_science_search_100k,0.0,20,0.7116666666666667,1738.85,0.95,cluster_static_nearest,0.8205357142857143,0.6887661936793953,A_recurrent_warmup_2,0.95,13,0.95,20
repeated,lotte_science_search_100k,0.0,20,0.8216666666666667,2344.65,0.95,cluster_static_nearest,0.7708333333333334,0.7243992080726565,B_recurrent_shift_1,0.95,13,1.0,20
repeated,lotte_science_search_100k,0.0,20,0.8216666666666667,2344.65,0.95,cluster_static_nearest,0.7708333333333334,0.7243992080726565,B_recurrent_shift_2,0.95,13,1.0,20
unseen,lotte_science_search_100k,0.0,64,0.544345238095238,1715.796875,0.765625,cluster_static_nearest,0.6506510416666667,0.5243347929096853,unseen_tail,0.828125,13,0.84375,64
nearby,lotte_science_search_100k,0.0,24,0.4152777777777778,1606.5,0.5416666666666666,cluster_static_nearest,0.38511904761904764,0.3501287202716446,A_nearby,0.6666666666666666,17,0.6666666666666666,24
nearby,lotte_science_search_100k,0.0,24,0.7486111111111111,2028.7083333333333,0.9166666666666666,cluster_static_nearest,0.8184523809523809,0.7119363815323371,B_nearby,0.9166666666666666,17,0.9166666666666666,24
repeated,lotte_science_search_100k,0.0,20,0.6516666666666666,1718.25,0.9,cluster_static_nearest,0.7248412698412698,0.622021091917315,A_recurrent_return,0.9,17,0.9,20
repeated,lotte_science_search_100k,0.0,20,0.6516666666666666,1718.25,0.9,cluster_static_nearest,0.7248412698412698,0.622021091917315,A_recurrent_warmup_1,0.9,17,0.9,20
repeated,lotte_science_search_100k,0.0,20,0.6516666666666666,1718.25,0.9,cluster_static_nearest,0.7248412698412698,0.622021091917315,A_recurrent_warmup_2,0.9,17,0.9,20
repeated,lotte_science_search_100k,0.0,20,0.78,2087.65,0.9,cluster_static_nearest,0.7217261904761905,0.69485268133183,B_recurrent_shift_1,0.9,17,0.9,20
repeated,lotte_science_search_100k,0.0,20,0.78,2087.65,0.9,cluster_static_nearest,0.7217261904761905,0.69485268133183,B_recurrent_shift_2,0.9,17,0.9,20
unseen,lotte_science_search_100k,0.0,64,0.5609002976190476,1793.375,0.765625,cluster_static_nearest,0.665234375,0.5457884800714282,unseen_tail,0.84375,17,0.875,64
nearby,lotte_science_search_100k,0.0,24,0.37222222222222223,1582.5,0.5416666666666666,cluster_static_nearest,0.409375,0.3374587094792032,A_nearby,0.625,19,0.625,24
nearby,lotte_science_search_100k,0.0,24,0.5527777777777778,2212.0416666666665,0.7083333333333334,cluster_static_nearest,0.6458333333333334,0.5407701902411145,B_nearby,0.7083333333333334,19,0.7083333333333334,24
repeated,lotte_science_search_100k,0.0,20,0.5475,1726.15,0.75,cluster_static_nearest,0.6233928571428572,0.5247377815896588,A_recurrent_return,0.8,19,0.8,20
repeated,lotte_science_search_100k,0.0,20,0.5475,1726.15,0.75,cluster_static_nearest,0.6233928571428572,0.5247377815896588,A_recurrent_warmup_1,0.8,19,0.8,20
repeated,lotte_science_search_100k,0.0,20,0.5475,1726.15,0.75,cluster_static_nearest,0.6233928571428572,0.5247377815896588,A_recurrent_warmup_2,0.8,19,0.8,20
repeated,lotte_science_search_100k,0.0,20,0.7608333333333334,2273.75,0.9,cluster_static_nearest,0.6905555555555556,0.6678939411338987,B_recurrent_shift_1,0.9,19,0.9,20
repeated,lotte_science_search_100k,0.0,20,0.7608333333333334,2273.75,0.9,cluster_static_nearest,0.6905555555555556,0.6678939411338987,B_recurrent_shift_2,0.9,19,0.9,20
unseen,lotte_science_search_100k,0.0,64,0.5683407738095239,1847.625,0.796875,cluster_static_nearest,0.667578125,0.5427391144694211,unseen_tail,0.875,19,0.890625,64
nearby,lotte_science_search_100k,0.0,24,0.40902777777777777,1462.125,0.5416666666666666,cluster_trust_weighted,0.5,0.41369870015105803,A_nearby,0.625,13,0.625,24
nearby,lotte_science_search_100k,0.0,24,0.7013888888888888,2147.0,0.8333333333333334,cluster_trust_weighted,0.7142857142857143,0.6498864177862682,B_nearby,0.8333333333333334,13,0.8333333333333334,24
repeated,lotte_science_search_100k,0.0,20,0.5025,1779.15,0.7,cluster_trust_weighted,0.6571428571428571,0.5315860082925413,A_recurrent_return,0.7,13,0.7,20
repeated,lotte_science_search_100k,0.0,20,0.0125,1821.05,0.05,cluster_trust_weighted,0.05,0.019519002499605084,A_recurrent_warmup_1,0.05,13,0.1,20
repeated,lotte_science_search_100k,0.0,20,0.4775,1840.25,0.65,cluster_trust_weighted,0.6083333333333333,0.5018215982722759,A_recurrent_warmup_2,0.65,13,0.7,20
repeated,lotte_science_search_100k,0.0,20,0.6166666666666667,2077.25,0.8,cluster_trust_weighted,0.6988095238095238,0.5963876384892117,B_recurrent_shift_1,0.8,13,0.8,20
repeated,lotte_science_search_100k,0.0,20,0.6416666666666667,2066.6,0.8,cluster_trust_weighted,0.6979166666666666,0.6151824791523781,B_recurrent_shift_2,0.8,13,0.8,20
unseen,lotte_science_search_100k,0.0,64,0.21209077380952382,1658.375,0.375,cluster_trust_weighted,0.3272569444444444,0.2224112966718593,unseen_tail,0.390625,13,0.390625,64
nearby,lotte_science_search_100k,0.0,24,0.3368055555555556,1712.75,0.4583333333333333,cluster_trust_weighted,0.375,0.3126608471685092,A_nearby,0.5416666666666666,17,0.5416666666666666,24
nearby,lotte_science_search_100k,0.0,24,0.5638888888888889,2272.0,0.6666666666666666,cluster_trust_weighted,0.5892857142857143,0.5227480352801573,B_nearby,0.7083333333333334,17,0.7083333333333334,24
repeated,lotte_science_search_100k,0.0,20,0.4625,1908.15,0.7,cluster_trust_weighted,0.6238095238095238,0.4945933025769211,A_recurrent_return,0.7,17,0.7,20
repeated,lotte_science_search_100k,0.0,20,0.425,2056.45,0.6,cluster_trust_weighted,0.5571428571428572,0.45417644168884563,A_recurrent_warmup_1,0.6,17,0.6,20
repeated,lotte_science_search_100k,0.0,20,0.4625,1907.4,0.7,cluster_trust_weighted,0.6238095238095238,0.4945933025769211,A_recurrent_warmup_2,0.7,17,0.7,20
repeated,lotte_science_search_100k,0.0,20,0.5875,1992.75,0.65,cluster_trust_weighted,0.5154761904761904,0.5173305304831071,B_recurrent_shift_1,0.7,17,0.7,20
repeated,lotte_science_search_100k,0.0,20,0.6166666666666667,1701.55,0.7,cluster_trust_weighted,0.5654761904761905,0.5475755535306673,B_recurrent_shift_2,0.7,17,0.7,20
unseen,lotte_science_search_100k,0.0,64,0.19348958333333333,1799.71875,0.328125,cluster_trust_weighted,0.29441964285714284,0.20255592775860715,unseen_tail,0.34375,17,0.359375,64
nearby,lotte_science_search_100k,0.0,24,0.03125,1692.8333333333333,0.125,cluster_trust_weighted,0.0763888888888889,0.033078097894197064,A_nearby,0.125,19,0.125,24
nearby,lotte_science_search_100k,0.0,24,0.013888888888888888,2034.5,0.041666666666666664,cluster_trust_weighted,0.041666666666666664,0.019553280250948185,B_nearby,0.041666666666666664,19,0.041666666666666664,24
repeated,lotte_science_search_100k,0.0,20,0.12916666666666665,1739.0,0.25,cluster_trust_weighted,0.13333333333333333,0.0956873846033163,A_recurrent_return,0.25,19,0.25,20
repeated,lotte_science_search_100k,0.0,20,0.0,2080.4,0.0,cluster_trust_weighted,0.0,0.0,A_recurrent_warmup_1,0.05,19,0.05,20
repeated,lotte_science_search_100k,0.0,20,0.06666666666666667,1396.15,0.15,cluster_trust_weighted,0.10833333333333334,0.06811752399811266,A_recurrent_warmup_2,0.25,19,0.25,20
repeated,lotte_science_search_100k,0.0,20,0.058333333333333334,1827.95,0.15,cluster_trust_weighted,0.07916666666666666,0.05250222775292791,B_recurrent_shift_1,0.15,19,0.15,20
repeated,lotte_science_search_100k,0.0,20,0.03333333333333333,1726.25,0.1,cluster_trust_weighted,0.041666666666666664,0.02690770069919742,B_recurrent_shift_2,0.1,19,0.1,20
unseen,lotte_science_search_100k,0.0,64,0.1171875,1749.609375,0.203125,cluster_trust_weighted,0.17122395833333334,0.11889476458867182,unseen_tail,0.21875,19,0.25,64
nearby,lotte_technology_search_100k,0.0,24,0.06898148148148148,1469.8333333333333,0.20833333333333334,cluster_cold_no_feedback,0.20833333333333334,0.09835889367269296,A_nearby,0.20833333333333334,13,0.20833333333333334,24
nearby,lotte_technology_search_100k,0.0,24,0.056712962962962965,1314.25,0.125,cluster_cold_no_feedback,0.125,0.06772606664194113,B_nearby,0.125,13,0.125,24
repeated,lotte_technology_search_100k,0.0,20,0.09805555555555556,1619.55,0.25,cluster_cold_no_feedback,0.25,0.13491376578954464,A_recurrent_return,0.25,13,0.25,20
repeated,lotte_technology_search_100k,0.0,20,0.05,1275.45,0.05,cluster_cold_no_feedback,0.05,0.04598603945740938,A_recurrent_warmup_1,0.05,13,0.05,20
repeated,lotte_technology_search_100k,0.0,20,0.04055555555555555,1524.5,0.15,cluster_cold_no_feedback,0.1125,0.04971305460113251,A_recurrent_warmup_2,0.15,13,0.15,20
repeated,lotte_technology_search_100k,0.0,20,0.23055555555555557,1351.6,0.3,cluster_cold_no_feedback,0.26,0.23520376116922187,B_recurrent_shift_1,0.3,13,0.3,20
repeated,lotte_technology_search_100k,0.0,20,0.0865079365079365,1194.05,0.2,cluster_cold_no_feedback,0.12916666666666665,0.08577273653818936,B_recurrent_shift_2,0.2,13,0.2,20
unseen,lotte_technology_search_100k,0.0,64,0.06575520833333333,1197.09375,0.125,cluster_cold_no_feedback,0.1046875,0.07184951682016964,unseen_tail,0.15625,13,0.15625,64
nearby,lotte_technology_search_100k,0.0,24,0.017526455026455025,1262.7083333333333,0.08333333333333333,cluster_cold_no_feedback,0.08333333333333333,0.03800119636266151,A_nearby,0.08333333333333333,17,0.08333333333333333,24
nearby,lotte_technology_search_100k,0.0,24,0.14583333333333334,1160.0416666666667,0.16666666666666666,cluster_cold_no_feedback,0.14583333333333334,0.1411188669681059,B_nearby,0.16666666666666666,17,0.16666666666666666,24
repeated,lotte_technology_search_100k,0.0,20,0.06944444444444445,1422.5,0.15,cluster_cold_no_feedback,0.11666666666666667,0.07465595347918168,A_recurrent_return,0.15,17,0.15,20
repeated,lotte_technology_search_100k,0.0,20,0.058333333333333334,1325.45,0.1,cluster_cold_no_feedback,0.1,0.06585326408997966,A_recurrent_warmup_1,0.1,17,0.1,20
repeated,lotte_technology_search_100k,0.0,20,0.02777777777777778,1454.45,0.05,cluster_cold_no_feedback,0.05,0.03465110967615782,A_recurrent_warmup_2,0.05,17,0.05,20
repeated,lotte_technology_search_100k,0.0,20,0.1,1201.95,0.1,cluster_cold_no_feedback,0.1,0.1,B_recurrent_shift_1,0.1,17,0.1,20
repeated,lotte_technology_search_100k,0.0,20,0.0725,1243.35,0.15,cluster_cold_no_feedback,0.15,0.08647701276328588,B_recurrent_shift_2,0.2,17,0.2,20
unseen,lotte_technology_search_100k,0.0,64,0.022544642857142857,1090.6875,0.0625,cluster_cold_no_feedback,0.0625,0.030776629820255245,unseen_tail,0.09375,17,0.09375,64
nearby,lotte_technology_search_100k,0.0,24,0.11041666666666666,1479.125,0.16666666666666666,cluster_cold_no_feedback,0.16666666666666666,0.1250959539541045,A_nearby,0.16666666666666666,19,0.16666666666666666,24
nearby,lotte_technology_search_100k,0.0,24,0.10416666666666667,1335.25,0.16666666666666666,cluster_cold_no_feedback,0.13541666666666666,0.10775352933502187,B_nearby,0.16666666666666666,19,0.16666666666666666,24
repeated,lotte_technology_search_100k,0.0,20,0.03333333333333333,1655.75,0.05,cluster_cold_no_feedback,0.05,0.03826803184943108,A_recurrent_return,0.05,19,0.05,20
repeated,lotte_technology_search_100k,0.0,20,0.058333333333333334,1250.4,0.1,cluster_cold_no_feedback,0.1,0.068925391487704,A_recurrent_warmup_1,0.15,19,0.15,20
repeated,lotte_technology_search_100k,0.0,20,0.14,1703.0,0.2,cluster_cold_no_feedback,0.16666666666666666,0.13942578558179228,A_recurrent_warmup_2,0.2,19,0.2,20
repeated,lotte_technology_search_100k,0.0,20,0.05555555555555555,1568.85,0.1,cluster_cold_no_feedback,0.1,0.06175227747072427,B_recurrent_shift_1,0.1,19,0.1,20
repeated,lotte_technology_search_100k,0.0,20,0.15218253968253967,1392.6,0.3,cluster_cold_no_feedback,0.235,0.16375780394288802,B_recurrent_shift_2,0.3,19,0.3,20
unseen,lotte_technology_search_100k,0.0,64,0.04327876984126984,1150.390625,0.09375,cluster_cold_no_feedback,0.08333333333333333,0.050626566735825704,unseen_tail,0.109375,19,0.109375,64
nearby,lotte_technology_search_100k,0.0,24,0.0763888888888889,1146.7083333333333,0.125,cluster_equal_noisy,0.09166666666666667,0.07110318494966886,A_nearby,0.125,13,0.20833333333333334,24
nearby,lotte_technology_search_100k,0.0,24,0.6354166666666666,1877.25,0.7916666666666666,cluster_equal_noisy,0.7041666666666667,0.6050971848758976,B_nearby,0.875,13,0.875,24
repeated,lotte_technology_search_100k,0.0,20,0.1,1223.15,0.1,cluster_equal_noisy,0.075,0.08154648767857288,A_recurrent_return,0.1,13,0.1,20
repeated,lotte_technology_search_100k,0.0,20,0.0,1148.35,0.0,cluster_equal_noisy,0.0,0.0,A_recurrent_warmup_1,0.0,13,0.0,20
repeated,lotte_technology_search_100k,0.0,20,0.05,1239.7,0.05,cluster_equal_noisy,0.025,0.031546487678572877,A_recurrent_warmup_2,0.1,13,0.1,20
repeated,lotte_technology_search_100k,0.0,20,0.7123412698412699,1688.8,0.9,cluster_equal_noisy,0.7916666666666666,0.6977154706768962,B_recurrent_shift_1,0.95,13,0.95,20
repeated,lotte_technology_search_100k,0.0,20,0.7266269841269841,1814.55,0.9,cluster_equal_noisy,0.8,0.7098629362726536,B_recurrent_shift_2,0.95,13,0.95,20
unseen,lotte_technology_search_100k,0.0,64,0.08422619047619047,1341.90625,0.171875,cluster_equal_noisy,0.09407242063492063,0.07103795975473244,unseen_tail,0.1875,13,0.1875,64
nearby,lotte_technology_search_100k,0.0,24,0.12037037037037036,1535.7083333333333,0.20833333333333334,cluster_equal_noisy,0.20833333333333334,0.12954547006120934,A_nearby,0.25,17,0.25,24
nearby,lotte_technology_search_100k,0.0,24,0.11805555555555555,1207.9166666666667,0.20833333333333334,cluster_equal_noisy,0.1875,0.13026981504316937,B_nearby,0.20833333333333334,17,0.20833333333333334,24
repeated,lotte_technology_search_100k,0.0,20,0.12083333333333333,1301.5,0.25,cluster_equal_noisy,0.25,0.14810011892074176,A_recurrent_return,0.25,17,0.25,20
repeated,lotte_technology_search_100k,0.0,20,0.10972222222222222,1704.25,0.25,cluster_equal_noisy,0.25,0.13480911865687217,A_recurrent_warmup_1,0.25,17,0.25,20
repeated,lotte_technology_search_100k,0.0,20,0.10972222222222222,1523.35,0.25,cluster_equal_noisy,0.25,0.13480911865687217,A_recurrent_warmup_2,0.25,17,0.25,20
repeated,lotte_technology_search_100k,0.0,20,0.05972222222222222,1148.1,0.2,cluster_equal_noisy,0.12291666666666666,0.06362799803234027,B_recurrent_shift_1,0.2,17,0.2,20
repeated,lotte_technology_search_100k,0.0,20,0.05972222222222222,1083.65,0.2,cluster_equal_noisy,0.12291666666666666,0.06380903248844277,B_recurrent_shift_2,0.2,17,0.2,20
unseen,lotte_technology_search_100k,0.0,64,0.09933035714285714,1229.859375,0.1875,cluster_equal_noisy,0.16160714285714287,0.1053612375380986,unseen_tail,0.21875,17,0.25,64
nearby,lotte_technology_search_100k,0.0,24,0.08171296296296296,1924.5833333333333,0.20833333333333334,cluster_equal_noisy,0.20833333333333334,0.10832121938322756,A_nearby,0.20833333333333334,19,0.20833333333333334,24
nearby,lotte_technology_search_100k,0.0,24,0.010416666666666666,1473.5416666666667,0.041666666666666664,cluster_equal_noisy,0.041666666666666664,0.01626583541633757,B_nearby,0.041666666666666664,19,0.041666666666666664,24
repeated,lotte_technology_search_100k,0.0,20,0.12833333333333333,1464.3,0.3,cluster_equal_noisy,0.2625,0.15090011460172395,A_recurrent_return,0.3,19,0.3,20
repeated,lotte_technology_search_100k,0.0,20,0.10333333333333333,1895.35,0.25,cluster_equal_noisy,0.2125,0.12008390503933161,A_recurrent_warmup_1,0.25,19,0.25,20
repeated,lotte_technology_search_100k,0.0,20,0.10333333333333333,1847.9,0.25,cluster_equal_noisy,0.21,0.11949959134693279,A_recurrent_warmup_2,0.25,19,0.25,20
repeated,lotte_technology_search_100k,0.0,20,0.0,1816.8,0.0,cluster_equal_noisy,0.0,0.0,B_recurrent_shift_1,0.0,19,0.0,20
repeated,lotte_technology_search_100k,0.0,20,0.0,1260.4,0.0,cluster_equal_noisy,0.0,0.0,B_recurrent_shift_2,0.0,19,0.0,20
unseen,lotte_technology_search_100k,0.0,64,0.05171130952380952,1273.75,0.09375,cluster_equal_noisy,0.07421875,0.04861799770379997,unseen_tail,0.09375,19,0.125,64
nearby,lotte_technology_search_100k,0.0,24,0.3900462962962963,1680.5416666666667,0.625,cluster_oracle,0.5972222222222222,0.4497203883709393,A_nearby,0.625,13,0.625,24
nearby,lotte_technology_search_100k,0.0,24,0.6770833333333334,1857.7083333333333,0.8333333333333334,cluster_oracle,0.7458333333333333,0.6467638515425643,B_nearby,0.9166666666666666,13,0.9166666666666666,24
repeated,lotte_technology_search_100k,0.0,20,0.6052777777777778,1986.75,0.8,cluster_oracle,0.6458333333333334,0.5567851751417441,A_recurrent_return,0.8,13,0.85,20
repeated,lotte_technology_search_100k,0.0,20,0.4097222222222222,1705.9,0.6,cluster_oracle,0.46130952380952384,0.37172113448792093,A_recurrent_warmup_1,0.6,13,0.65,20
repeated,lotte_technology_search_100k,0.0,20,0.5411111111111111,2062.95,0.75,cluster_oracle,0.6208333333333333,0.515394399488548,A_recurrent_warmup_2,0.75,13,0.8,20
repeated,lotte_technology_search_100k,0.0,20,0.5980555555555556,1690.4,0.75,cluster_oracle,0.6583333333333333,0.583008903196945,B_recurrent_shift_1,0.8,13,0.8,20
repeated,lotte_technology_search_100k,0.0,20,0.7123412698412699,1716.7,0.9,cluster_oracle,0.7916666666666666,0.697445118773056,B_recurrent_shift_2,0.95,13,0.95,20
unseen,lotte_technology_search_100k,0.0,64,0.16414930555555554,1408.71875,0.328125,cluster_oracle,0.23678075396825396,0.1696382198707722,unseen_tail,0.375,13,0.375,64
nearby,lotte_technology_search_100k,0.0,24,0.19814814814814816,1345.8333333333333,0.2916666666666667,cluster_oracle,0.2708333333333333,0.19291223710529234,A_nearby,0.2916666666666667,17,0.2916666666666667,24
nearby,lotte_technology_search_100k,0.0,24,0.6631944444444444,1927.6666666666667,0.8333333333333334,cluster_oracle,0.6715277777777777,0.6107555314796332,B_nearby,0.875,17,0.875,24
repeated,lotte_technology_search_100k,0.0,20,0.2583333333333333,1551.2,0.45,cluster_oracle,0.425,0.2794235327877897,A_recurrent_return,0.45,17,0.45,20
repeated,lotte_technology_search_100k,0.0,20,0.13472222222222222,1560.15,0.3,cluster_oracle,0.3,0.16546647829514508,A_recurrent_warmup_1,0.3,17,0.3,20
repeated,lotte_technology_search_100k,0.0,20,0.15833333333333333,1422.55,0.35,cluster_oracle,0.35,0.19827648105861978,A_recurrent_warmup_2,0.35,17,0.35,20
repeated,lotte_technology_search_100k,0.0,20,0.05972222222222222,1256.35,0.2,cluster_oracle,0.125,0.06410681296804623,B_recurrent_shift_1,0.2,17,0.2,20
repeated,lotte_technology_search_100k,0.0,20,0.37472222222222223,1321.4,0.55,cluster_oracle,0.48125,0.3863509202243553,B_recurrent_shift_2,0.55,17,0.55,20
unseen,lotte_technology_search_100k,0.0,64,0.1462673611111111,1317.96875,0.28125,cluster_oracle,0.21071428571428572,0.1432737085663502,unseen_tail,0.3125,17,0.359375,64
nearby,lotte_technology_search_100k,0.0,24,0.5157407407407407,1817.125,0.7083333333333334,cluster_oracle,0.6597222222222222,0.5492732722403139,A_nearby,0.75,19,0.75,24
nearby,lotte_technology_search_100k,0.0,24,0.7048611111111112,1874.25,0.875,cluster_oracle,0.7340277777777777,0.6604993769757314,B_nearby,0.9583333333333334,19,0.9583333333333334,24
repeated,lotte_technology_search_100k,0.0,20,0.6794444444444444,2091.5,0.8,cluster_oracle,0.7016666666666667,0.6242909560980237,A_recurrent_return,0.85,19,0.9,20
repeated,lotte_technology_search_100k,0.0,20,0.39611111111111114,1872.45,0.55,cluster_oracle,0.4766666666666667,0.36630542234041613,A_recurrent_warmup_1,0.6,19,0.6,20
repeated,lotte_technology_search_100k,0.0,20,0.5461111111111111,1909.75,0.7,cluster_oracle,0.6266666666666667,0.5140738029192016,A_recurrent_warmup_2,0.75,19,0.75,20
repeated,lotte_technology_search_100k,0.0,20,0.5630555555555555,1744.55,0.75,cluster_oracle,0.7,0.5737518319009397,B_recurrent_shift_1,0.8,19,0.8,20
repeated,lotte_technology_search_100k,0.0,20,0.7694047619047619,1737.55,0.95,cluster_oracle,0.86,0.7616073247393758,B_recurrent_shift_2,0.95,19,0.95,20
unseen,lotte_technology_search_100k,0.0,64,0.2374751984126984,1313.171875,0.46875,cluster_oracle,0.34172867063492063,0.2378293665074344,unseen_tail,0.515625,19,0.5625,64
nearby,lotte_technology_search_100k,0.0,24,0.5426587301587301,1669.25,0.7916666666666666,cluster_static_nearest,0.7430555555555556,0.598128571922965,A_nearby,0.7916666666666666,13,0.8333333333333334,24
nearby,lotte_technology_search_100k,0.0,24,0.7326388888888888,1847.7083333333333,0.875,cluster_static_nearest,0.7027777777777777,0.6663435701293154,B_nearby,0.9583333333333334,13,0.9583333333333334,24
repeated,lotte_technology_search_100k,0.0,20,0.6361111111111111,1810.7,0.85,cluster_static_nearest,0.7113095238095238,0.6005181586494918,A_recurrent_return,0.85,13,0.9,20
repeated,lotte_technology_search_100k,0.0,20,0.6361111111111111,1810.7,0.85,cluster_static_nearest,0.7113095238095238,0.6005181586494918,A_recurrent_warmup_1,0.85,13,0.9,20
repeated,lotte_technology_search_100k,0.0,20,0.6361111111111111,1810.7,0.85,cluster_static_nearest,0.7113095238095238,0.6005181586494918,A_recurrent_warmup_2,0.85,13,0.9,20
repeated,lotte_technology_search_100k,0.0,20,0.750515873015873,1683.2,0.95,cluster_static_nearest,0.835,0.7395450374134318,B_recurrent_shift_1,0.95,13,0.95,20
repeated,lotte_technology_search_100k,0.0,20,0.750515873015873,1683.2,0.95,cluster_static_nearest,0.835,0.7395450374134318,B_recurrent_shift_2,0.95,13,0.95,20
unseen,lotte_technology_search_100k,0.0,64,0.4750248015873016,1332.21875,0.703125,cluster_static_nearest,0.5173735119047619,0.44651449775501884,unseen_tail,0.828125,13,0.890625,64
nearby,lotte_technology_search_100k,0.0,24,0.5256944444444445,1575.6666666666667,0.7083333333333334,cluster_static_nearest,0.6805555555555556,0.559483636703628,A_nearby,0.7083333333333334,17,0.75,24
nearby,lotte_technology_search_100k,0.0,24,0.7071759259259259,1923.9166666666667,0.875,cluster_static_nearest,0.6962301587301587,0.6429625598375783,B_nearby,0.9583333333333334,17,0.9583333333333334,24
repeated,lotte_technology_search_100k,0.0,20,0.7433333333333333,1844.45,0.95,cluster_static_nearest,0.86,0.7250951167089049,A_recurrent_return,0.95,17,0.95,20
repeated,lotte_technology_search_100k,0.0,20,0.7433333333333333,1844.45,0.95,cluster_static_nearest,0.86,0.7250951167089049,A_recurrent_warmup_1,0.95,17,0.95,20
repeated,lotte_technology_search_100k,0.0,20,0.7433333333333333,1844.45,0.95,cluster_static_nearest,0.86,0.7250951167089049,A_recurrent_warmup_2,0.95,17,0.95,20
repeated,lotte_technology_search_100k,0.0,20,0.675515873015873,1679.2,0.9,cluster_static_nearest,0.7833333333333333,0.6797854409370826,B_recurrent_shift_1,0.95,17,0.95,20
repeated,lotte_technology_search_100k,0.0,20,0.675515873015873,1679.2,0.9,cluster_static_nearest,0.7833333333333333,0.6797854409370826,B_recurrent_shift_2,0.95,17,0.95,20
unseen,lotte_technology_search_100k,0.0,64,0.4781498015873016,1320.484375,0.71875,cluster_static_nearest,0.5316964285714286,0.4566223817605067,unseen_tail,0.875,17,0.90625,64
nearby,lotte_technology_search_100k,0.0,24,0.6289351851851852,1725.875,0.7916666666666666,cluster_static_nearest,0.7430555555555556,0.6583873903670325,A_nearby,0.7916666666666666,19,0.8333333333333334,24
nearby,lotte_technology_search_100k,0.0,24,0.6620370370370371,1789.25,0.8333333333333334,cluster_static_nearest,0.6337301587301587,0.5923154033366242,B_nearby,0.9166666666666666,19,0.9166666666666666,24
repeated,lotte_technology_search_100k,0.0,20,0.8225,1965.8,0.95,cluster_static_nearest,0.8516666666666667,0.7597516821939172,A_recurrent_return,0.95,19,0.95,20
repeated,lotte_technology_search_100k,0.0,20,0.8225,1965.8,0.95,cluster_static_nearest,0.8516666666666667,0.7597516821939172,A_recurrent_warmup_1,0.95,19,0.95,20
repeated,lotte_technology_search_100k,0.0,20,0.8225,1965.8,0.95,cluster_static_nearest,0.8516666666666667,0.7597516821939172,A_recurrent_warmup_2,0.95,19,0.95,20
repeated,lotte_technology_search_100k,0.0,20,0.6232936507936508,1614.1,0.9,cluster_static_nearest,0.8375,0.6542989168327289,B_recurrent_shift_1,0.9,19,0.9,20
repeated,lotte_technology_search_100k,0.0,20,0.6232936507936508,1614.1,0.9,cluster_static_nearest,0.8375,0.6542989168327289,B_recurrent_shift_2,0.9,19,0.9,20
unseen,lotte_technology_search_100k,0.0,64,0.45261036706349206,1330.796875,0.71875,cluster_static_nearest,0.5323474702380953,0.43738091075824387,unseen_tail,0.859375,19,0.9375,64
nearby,lotte_technology_search_100k,0.0,24,0.12986111111111112,1471.875,0.25,cluster_trust_weighted,0.25,0.15038377288799162,A_nearby,0.25,13,0.2916666666666667,24
nearby,lotte_technology_search_100k,0.0,24,0.3888888888888889,1485.125,0.5,cluster_trust_weighted,0.43194444444444446,0.3556766247073443,B_nearby,0.5,13,0.5,24
repeated,lotte_technology_search_100k,0.0,20,0.145,1755.7,0.2,cluster_trust_weighted,0.175,0.13986117081725297,A_recurrent_return,0.25,13,0.25,20
repeated,lotte_technology_search_100k,0.0,20,0.0,1169.05,0.0,cluster_trust_weighted,0.0,0.0,A_recurrent_warmup_1,0.0,13,0.0,20
repeated,lotte_technology_search_100k,0.0,20,0.095,1379.65,0.15,cluster_trust_weighted,0.15,0.1083146831386801,A_recurrent_warmup_2,0.2,13,0.2,20
repeated,lotte_technology_search_100k,0.0,20,0.0,1445.05,0.0,cluster_trust_weighted,0.0,0.0,B_recurrent_shift_1,0.0,13,0.0,20
repeated,lotte_technology_search_100k,0.0,20,0.01,1164.05,0.05,cluster_trust_weighted,0.05,0.016958010263680805,B_recurrent_shift_2,0.05,13,0.05,20
unseen,lotte_technology_search_100k,0.0,64,0.09551091269841269,1326.359375,0.21875,cluster_trust_weighted,0.1478050595238095,0.09347106328185627,unseen_tail,0.234375,13,0.234375,64
nearby,lotte_technology_search_100k,0.0,24,0.0744047619047619,1187.4166666666667,0.125,cluster_trust_weighted,0.125,0.07715990259239562,A_nearby,0.125,17,0.125,24
nearby,lotte_technology_search_100k,0.0,24,0.05555555555555555,1241.5,0.125,cluster_trust_weighted,0.10416666666666667,0.06640193654038305,B_nearby,0.20833333333333334,17,0.20833333333333334,24
repeated,lotte_technology_search_100k,0.0,20,0.10138888888888889,1385.9,0.25,cluster_trust_weighted,0.25,0.12526307534792544,A_recurrent_return,0.25,17,0.25,20
repeated,lotte_technology_search_100k,0.0,20,0.05555555555555555,1730.8,0.15,cluster_trust_weighted,0.15,0.07162434590631842,A_recurrent_warmup_1,0.15,17,0.15,20
repeated,lotte_technology_search_100k,0.0,20,0.06388888888888888,1523.6,0.15,cluster_trust_weighted,0.15,0.07918940624378876,A_recurrent_warmup_2,0.15,17,0.15,20
repeated,lotte_technology_search_100k,0.0,20,0.05277777777777778,1157.7,0.15,cluster_trust_weighted,0.15,0.06601180376868553,B_recurrent_shift_1,0.15,17,0.15,20
repeated,lotte_technology_search_100k,0.0,20,0.06527777777777778,1157.0,0.2,cluster_trust_weighted,0.16666666666666666,0.07521063277486485,B_recurrent_shift_2,0.2,17,0.2,20
unseen,lotte_technology_search_100k,0.0,64,0.13206845238095238,1258.34375,0.21875,cluster_trust_weighted,0.1527529761904762,0.11493158169989652,unseen_tail,0.234375,17,0.265625,64
nearby,lotte_technology_search_100k,0.0,24,0.513425925925926,1816.4583333333333,0.7083333333333334,cluster_trust_weighted,0.6597222222222222,0.546906973633976,A_nearby,0.7083333333333334,19,0.7083333333333334,24
nearby,lotte_technology_search_100k,0.0,24,0.16435185185185186,1609.375,0.2916666666666667,cluster_trust_weighted,0.2708333333333333,0.1836502968037798,B_nearby,0.2916666666666667,19,0.2916666666666667,24
repeated,lotte_technology_search_100k,0.0,20,0.5961111111111111,1979.9,0.8,cluster_trust_weighted,0.7266666666666667,0.5855976230773606,A_recurrent_return,0.8,19,0.8,20
repeated,lotte_technology_search_100k,0.0,20,0.3233333333333333,1710.05,0.5,cluster_trust_weighted,0.4666666666666667,0.33893365438307066,A_recurrent_warmup_1,0.5,19,0.5,20
repeated,lotte_technology_search_100k,0.0,20,0.5961111111111111,1939.95,0.8,cluster_trust_weighted,0.7266666666666667,0.58575647300148,A_recurrent_warmup_2,0.8,19,0.8,20
repeated,lotte_technology_search_100k,0.0,20,0.0725,1560.0,0.15,cluster_trust_weighted,0.15,0.08647701276328588,B_recurrent_shift_1,0.15,19,0.15,20
repeated,lotte_technology_search_100k,0.0,20,0.0725,1373.5,0.15,cluster_trust_weighted,0.15,0.08647701276328588,B_recurrent_shift_2,0.15,19,0.15,20
unseen,lotte_technology_search_100k,0.0,64,0.10934399801587301,1301.25,0.234375,cluster_trust_weighted,0.20625,0.12714624026777216,unseen_tail,0.25,19,0.3125,64
